﻿<?xml version="1.0" encoding="utf-8"?>
<abapGit version="v1.0.0" serializer="LCL_OBJECT_IWPR" serializer_version="v1.0.0">
 <asx:abap xmlns:asx="http://www.sap.com/abapxml" version="1.0">
  <asx:values>
   <_-IWBEP_-I_SBD_AT>
    <_-IWBEP_-I_SBD_AT>
     <PROJECT>ZOV</PROJECT>
     <NODE_UUID>Q7OdiHuUHt68ifDQOjzpvA==</NODE_UUID>
     <NODE_UUID_PA>Q7OdiHuUHt68iY1X8qgJZw==</NODE_UUID_PA>
     <PLUGIN_PA>/IWBEP/CORE</PLUGIN_PA>
     <NODE_TYPE_PA>PROJ</NODE_TYPE_PA>
     <NAME>GENERATED_METHODS_RDS</NAME>
     <TYPE>V2_RDS</TYPE>
     <MIME_TYPE>XML</MIME_TYPE>
     <VALUE>PD94bWwgdmVyc2lvbj0iMS4wIiBlbmNvZGluZz0idXRmLTgiPz48YXN4OmFiYXAgdmVyc2lvbj0i
MS4wIiB4bWxuczphc3g9Imh0dHA6Ly93d3cuc2FwLmNvbS9hYmFweG1sIj48YXN4OnZhbHVlcz48
R0VOLz48L2FzeDp2YWx1ZXM+PC9hc3g6YWJhcD4=</VALUE>
    </_-IWBEP_-I_SBD_AT>
   </_-IWBEP_-I_SBD_AT>
   <_-IWBEP_-I_SBD_DS>
    <_-IWBEP_-I_SBD_DS>
     <PROJECT>ZOV</PROJECT>
     <NODE_UUID>Q7OdiHuUHt68idZXF2qJow==</NODE_UUID>
     <PARENT_UUID>Q7OdiHuUHt68iY1X8qhJZw==</PARENT_UUID>
     <NAME>BAPIRET2</NAME>
     <DS_TYPE>5</DS_TYPE>
    </_-IWBEP_-I_SBD_DS>
    <_-IWBEP_-I_SBD_DS>
     <PROJECT>ZOV</PROJECT>
     <NODE_UUID>Q7OdiHuUHu69v7xet56CTA==</NODE_UUID>
     <PARENT_UUID>Q7OdiHuUHt68iY1X8qhJZw==</PARENT_UUID>
     <DS_TYPE>5</DS_TYPE>
    </_-IWBEP_-I_SBD_DS>
   </_-IWBEP_-I_SBD_DS>
   <_-IWBEP_-I_SBD_DST>
    <_-IWBEP_-I_SBD_DST>
     <SYLANGU>E</SYLANGU>
     <PROJECT>ZOV</PROJECT>
     <NODE_UUID>Q7OdiHuUHt68idZXF2qJow==</NODE_UUID>
    </_-IWBEP_-I_SBD_DST>
    <_-IWBEP_-I_SBD_DST>
     <SYLANGU>E</SYLANGU>
     <PROJECT>ZOV</PROJECT>
     <NODE_UUID>Q7OdiHuUHu69v7xet56CTA==</NODE_UUID>
    </_-IWBEP_-I_SBD_DST>
   </_-IWBEP_-I_SBD_DST>
   <_-IWBEP_-I_SBD_GA>
    <_-IWBEP_-I_SBD_GA>
     <PROJECT>ZOV</PROJECT>
     <NODE_UUID>Q7OdiHuUHt68ifDx9/epvA==</NODE_UUID>
     <NAME>ZCL_ZOV_MPC</NAME>
     <PGMID>R3TR</PGMID>
     <TROBJ_TYPE>CLAS</TROBJ_TYPE>
     <TROBJ_NAME>ZCL_ZOV_MPC</TROBJ_NAME>
     <GEN_ART_TYPE>MPCB</GEN_ART_TYPE>
    </_-IWBEP_-I_SBD_GA>
    <_-IWBEP_-I_SBD_GA>
     <PROJECT>ZOV</PROJECT>
     <NODE_UUID>Q7OdiHuUHt68ifDx9/fJvA==</NODE_UUID>
     <NAME>ZCL_ZOV_MPC_EXT</NAME>
     <PGMID>R3TR</PGMID>
     <TROBJ_TYPE>CLAS</TROBJ_TYPE>
     <TROBJ_NAME>ZCL_ZOV_MPC_EXT</TROBJ_NAME>
     <GEN_ART_TYPE>MPCS</GEN_ART_TYPE>
    </_-IWBEP_-I_SBD_GA>
    <_-IWBEP_-I_SBD_GA>
     <PROJECT>ZOV</PROJECT>
     <NODE_UUID>Q7OdiHuUHt68ifDx9/fpvA==</NODE_UUID>
     <NAME>ZCL_ZOV_DPC</NAME>
     <PGMID>R3TR</PGMID>
     <TROBJ_TYPE>CLAS</TROBJ_TYPE>
     <TROBJ_NAME>ZCL_ZOV_DPC</TROBJ_NAME>
     <GEN_ART_TYPE>DPCB</GEN_ART_TYPE>
    </_-IWBEP_-I_SBD_GA>
    <_-IWBEP_-I_SBD_GA>
     <PROJECT>ZOV</PROJECT>
     <NODE_UUID>Q7OdiHuUHt68ifDx9/gJvA==</NODE_UUID>
     <NAME>ZCL_ZOV_DPC_EXT</NAME>
     <PGMID>R3TR</PGMID>
     <TROBJ_TYPE>CLAS</TROBJ_TYPE>
     <TROBJ_NAME>ZCL_ZOV_DPC_EXT</TROBJ_NAME>
     <GEN_ART_TYPE>DPCS</GEN_ART_TYPE>
    </_-IWBEP_-I_SBD_GA>
    <_-IWBEP_-I_SBD_GA>
     <PROJECT>ZOV</PROJECT>
     <NODE_UUID>Q7OdiHuUHt68ifDx9/gpvA==</NODE_UUID>
     <NAME>ZOV_MDL</NAME>
     <PGMID>R3TR</PGMID>
     <TROBJ_TYPE>IWMO</TROBJ_TYPE>
     <TROBJ_NAME>ZOV_MDL</TROBJ_NAME>
     <GEN_ART_TYPE>MDL</GEN_ART_TYPE>
    </_-IWBEP_-I_SBD_GA>
    <_-IWBEP_-I_SBD_GA>
     <PROJECT>ZOV</PROJECT>
     <NODE_UUID>Q7OdiHuUHt68ifDx9/hJvA==</NODE_UUID>
     <NAME>ZOV_SRV</NAME>
     <PGMID>R3TR</PGMID>
     <TROBJ_TYPE>IWSV</TROBJ_TYPE>
     <TROBJ_NAME>ZOV_SRV</TROBJ_NAME>
     <GEN_ART_TYPE>SRV</GEN_ART_TYPE>
    </_-IWBEP_-I_SBD_GA>
   </_-IWBEP_-I_SBD_GA>
   <_-IWBEP_-I_SBD_GAT>
    <_-IWBEP_-I_SBD_GAT>
     <SYLANGU>E</SYLANGU>
     <PROJECT>ZOV</PROJECT>
     <NODE_UUID>Q7OdiHuUHt68ifDx9/epvA==</NODE_UUID>
    </_-IWBEP_-I_SBD_GAT>
    <_-IWBEP_-I_SBD_GAT>
     <SYLANGU>E</SYLANGU>
     <PROJECT>ZOV</PROJECT>
     <NODE_UUID>Q7OdiHuUHt68ifDx9/fJvA==</NODE_UUID>
    </_-IWBEP_-I_SBD_GAT>
    <_-IWBEP_-I_SBD_GAT>
     <SYLANGU>E</SYLANGU>
     <PROJECT>ZOV</PROJECT>
     <NODE_UUID>Q7OdiHuUHt68ifDx9/fpvA==</NODE_UUID>
    </_-IWBEP_-I_SBD_GAT>
    <_-IWBEP_-I_SBD_GAT>
     <SYLANGU>E</SYLANGU>
     <PROJECT>ZOV</PROJECT>
     <NODE_UUID>Q7OdiHuUHt68ifDx9/gJvA==</NODE_UUID>
    </_-IWBEP_-I_SBD_GAT>
    <_-IWBEP_-I_SBD_GAT>
     <SYLANGU>E</SYLANGU>
     <PROJECT>ZOV</PROJECT>
     <NODE_UUID>Q7OdiHuUHt68ifDx9/gpvA==</NODE_UUID>
    </_-IWBEP_-I_SBD_GAT>
    <_-IWBEP_-I_SBD_GAT>
     <SYLANGU>E</SYLANGU>
     <PROJECT>ZOV</PROJECT>
     <NODE_UUID>Q7OdiHuUHt68ifDx9/hJvA==</NODE_UUID>
    </_-IWBEP_-I_SBD_GAT>
   </_-IWBEP_-I_SBD_GAT>
   <_-IWBEP_-I_SBD_MD>
    <_-IWBEP_-I_SBD_MD>
     <PROJECT>ZOV</PROJECT>
     <NODE_UUID>Q7OdiHuUHt68iY1X8qgpZw==</NODE_UUID>
     <NODE_UUID_PA>Q7OdiHuUHt68iY1X8qgJZw==</NODE_UUID_PA>
     <PLUGIN_PA>/IWBEP/CORE</PLUGIN_PA>
     <NODE_TYPE_PA>PROJ</NODE_TYPE_PA>
     <TECHNICAL_NAME>ZOV_MDL</TECHNICAL_NAME>
     <VERSION>0001</VERSION>
     <MPC>ZCL_ZOV_MPC_EXT</MPC>
     <STATE_NS>S</STATE_NS>
     <VALUE_NS>ZOV_SRV</VALUE_NS>
    </_-IWBEP_-I_SBD_MD>
   </_-IWBEP_-I_SBD_MD>
   <_-IWBEP_-I_SBD_MDT>
    <_-IWBEP_-I_SBD_MDT>
     <SYLANGU>E</SYLANGU>
     <PROJECT>ZOV</PROJECT>
     <NODE_UUID>Q7OdiHuUHt68iY1X8qgpZw==</NODE_UUID>
    </_-IWBEP_-I_SBD_MDT>
   </_-IWBEP_-I_SBD_MDT>
   <_-IWBEP_-I_SBD_NOI>
    <_-IWBEP_-I_SBD_NOI>
     <PROJECT>ZOV</PROJECT>
     <NODE_UUID>Q7OdiHuUHt68iY1X8qgJZw==</NODE_UUID>
    </_-IWBEP_-I_SBD_NOI>
    <_-IWBEP_-I_SBD_NOI>
     <PROJECT>ZOV</PROJECT>
     <NODE_UUID>Q7OdiHuUHt68iY1X8qgpZw==</NODE_UUID>
    </_-IWBEP_-I_SBD_NOI>
    <_-IWBEP_-I_SBD_NOI>
     <PROJECT>ZOV</PROJECT>
     <NODE_UUID>Q7OdiHuUHt68iY1X8qhJZw==</NODE_UUID>
    </_-IWBEP_-I_SBD_NOI>
    <_-IWBEP_-I_SBD_NOI>
     <PROJECT>ZOV</PROJECT>
     <NODE_UUID>Q7OdiHuUHt68iZPqGRdJag==</NODE_UUID>
    </_-IWBEP_-I_SBD_NOI>
    <_-IWBEP_-I_SBD_NOI>
     <PROJECT>ZOV</PROJECT>
     <NODE_UUID>Q7OdiHuUHt68iZPqGRdpag==</NODE_UUID>
    </_-IWBEP_-I_SBD_NOI>
    <_-IWBEP_-I_SBD_NOI>
     <PROJECT>ZOV</PROJECT>
     <NODE_UUID>Q7OdiHuUHt68iZPqGReJag==</NODE_UUID>
    </_-IWBEP_-I_SBD_NOI>
    <_-IWBEP_-I_SBD_NOI>
     <PROJECT>ZOV</PROJECT>
     <NODE_UUID>Q7OdiHuUHt68iZPqGRepag==</NODE_UUID>
    </_-IWBEP_-I_SBD_NOI>
    <_-IWBEP_-I_SBD_NOI>
     <PROJECT>ZOV</PROJECT>
     <NODE_UUID>Q7OdiHuUHt68iZPqGRfJag==</NODE_UUID>
    </_-IWBEP_-I_SBD_NOI>
    <_-IWBEP_-I_SBD_NOI>
     <PROJECT>ZOV</PROJECT>
     <NODE_UUID>Q7OdiHuUHt68iZPqGRfpag==</NODE_UUID>
    </_-IWBEP_-I_SBD_NOI>
    <_-IWBEP_-I_SBD_NOI>
     <PROJECT>ZOV</PROJECT>
     <NODE_UUID>Q7OdiHuUHt68iZPqGRgJag==</NODE_UUID>
    </_-IWBEP_-I_SBD_NOI>
    <_-IWBEP_-I_SBD_NOI>
     <PROJECT>ZOV</PROJECT>
     <NODE_UUID>Q7OdiHuUHt68iZPqGRgpag==</NODE_UUID>
    </_-IWBEP_-I_SBD_NOI>
    <_-IWBEP_-I_SBD_NOI>
     <PROJECT>ZOV</PROJECT>
     <NODE_UUID>Q7OdiHuUHt68iZhBWd3pbA==</NODE_UUID>
    </_-IWBEP_-I_SBD_NOI>
    <_-IWBEP_-I_SBD_NOI>
     <PROJECT>ZOV</PROJECT>
     <NODE_UUID>Q7OdiHuUHt68iZhBWd4JbA==</NODE_UUID>
    </_-IWBEP_-I_SBD_NOI>
    <_-IWBEP_-I_SBD_NOI>
     <PROJECT>ZOV</PROJECT>
     <NODE_UUID>Q7OdiHuUHt68iZhBWd4pbA==</NODE_UUID>
    </_-IWBEP_-I_SBD_NOI>
    <_-IWBEP_-I_SBD_NOI>
     <PROJECT>ZOV</PROJECT>
     <NODE_UUID>Q7OdiHuUHt68iZhBWd5JbA==</NODE_UUID>
    </_-IWBEP_-I_SBD_NOI>
    <_-IWBEP_-I_SBD_NOI>
     <PROJECT>ZOV</PROJECT>
     <NODE_UUID>Q7OdiHuUHt68iZhBWd5pbA==</NODE_UUID>
    </_-IWBEP_-I_SBD_NOI>
    <_-IWBEP_-I_SBD_NOI>
     <PROJECT>ZOV</PROJECT>
     <NODE_UUID>Q7OdiHuUHt68iZhBWd6JbA==</NODE_UUID>
    </_-IWBEP_-I_SBD_NOI>
    <_-IWBEP_-I_SBD_NOI>
     <PROJECT>ZOV</PROJECT>
     <NODE_UUID>Q7OdiHuUHt68iZhBWd6pbA==</NODE_UUID>
    </_-IWBEP_-I_SBD_NOI>
    <_-IWBEP_-I_SBD_NOI>
     <PROJECT>ZOV</PROJECT>
     <NODE_UUID>Q7OdiHuUHt68iZhBWd7JbA==</NODE_UUID>
    </_-IWBEP_-I_SBD_NOI>
    <_-IWBEP_-I_SBD_NOI>
     <PROJECT>ZOV</PROJECT>
     <NODE_UUID>Q7OdiHuUHt68ibTpchbphQ==</NODE_UUID>
    </_-IWBEP_-I_SBD_NOI>
    <_-IWBEP_-I_SBD_NOI>
     <PROJECT>ZOV</PROJECT>
     <NODE_UUID>Q7OdiHuUHt68ib6QBIhJkQ==</NODE_UUID>
    </_-IWBEP_-I_SBD_NOI>
    <_-IWBEP_-I_SBD_NOI>
     <PROJECT>ZOV</PROJECT>
     <NODE_UUID>Q7OdiHuUHt68ib6QBIhpkQ==</NODE_UUID>
    </_-IWBEP_-I_SBD_NOI>
    <_-IWBEP_-I_SBD_NOI>
     <PROJECT>ZOV</PROJECT>
     <NODE_UUID>Q7OdiHuUHt68ib6QBIiJkQ==</NODE_UUID>
    </_-IWBEP_-I_SBD_NOI>
    <_-IWBEP_-I_SBD_NOI>
     <PROJECT>ZOV</PROJECT>
     <NODE_UUID>Q7OdiHuUHt68ib6QBIipkQ==</NODE_UUID>
    </_-IWBEP_-I_SBD_NOI>
    <_-IWBEP_-I_SBD_NOI>
     <PROJECT>ZOV</PROJECT>
     <NODE_UUID>Q7OdiHuUHt68ib6QBIjJkQ==</NODE_UUID>
    </_-IWBEP_-I_SBD_NOI>
    <_-IWBEP_-I_SBD_NOI>
     <PROJECT>ZOV</PROJECT>
     <NODE_UUID>Q7OdiHuUHt68ib6QBIjpkQ==</NODE_UUID>
    </_-IWBEP_-I_SBD_NOI>
    <_-IWBEP_-I_SBD_NOI>
     <PROJECT>ZOV</PROJECT>
     <NODE_UUID>Q7OdiHuUHt68ib6QBIkJkQ==</NODE_UUID>
    </_-IWBEP_-I_SBD_NOI>
    <_-IWBEP_-I_SBD_NOI>
     <PROJECT>ZOV</PROJECT>
     <NODE_UUID>Q7OdiHuUHt68ib6QBIkpkQ==</NODE_UUID>
    </_-IWBEP_-I_SBD_NOI>
    <_-IWBEP_-I_SBD_NOI>
     <PROJECT>ZOV</PROJECT>
     <NODE_UUID>Q7OdiHuUHt68icHYVimpkw==</NODE_UUID>
    </_-IWBEP_-I_SBD_NOI>
    <_-IWBEP_-I_SBD_NOI>
     <PROJECT>ZOV</PROJECT>
     <NODE_UUID>Q7OdiHuUHt68icHYVinJkw==</NODE_UUID>
    </_-IWBEP_-I_SBD_NOI>
    <_-IWBEP_-I_SBD_NOI>
     <PROJECT>ZOV</PROJECT>
     <NODE_UUID>Q7OdiHuUHt68icHYVinpkw==</NODE_UUID>
    </_-IWBEP_-I_SBD_NOI>
    <_-IWBEP_-I_SBD_NOI>
     <PROJECT>ZOV</PROJECT>
     <NODE_UUID>Q7OdiHuUHt68icHYVioJkw==</NODE_UUID>
    </_-IWBEP_-I_SBD_NOI>
    <_-IWBEP_-I_SBD_NOI>
     <PROJECT>ZOV</PROJECT>
     <NODE_UUID>Q7OdiHuUHt68icHYViopkw==</NODE_UUID>
    </_-IWBEP_-I_SBD_NOI>
    <_-IWBEP_-I_SBD_NOI>
     <PROJECT>ZOV</PROJECT>
     <NODE_UUID>Q7OdiHuUHt68icHYVipJkw==</NODE_UUID>
    </_-IWBEP_-I_SBD_NOI>
    <_-IWBEP_-I_SBD_NOI>
     <PROJECT>ZOV</PROJECT>
     <NODE_UUID>Q7OdiHuUHt68icHYVippkw==</NODE_UUID>
    </_-IWBEP_-I_SBD_NOI>
    <_-IWBEP_-I_SBD_NOI>
     <PROJECT>ZOV</PROJECT>
     <NODE_UUID>Q7OdiHuUHt68idZXF2qJow==</NODE_UUID>
    </_-IWBEP_-I_SBD_NOI>
    <_-IWBEP_-I_SBD_NOI>
     <PROJECT>ZOV</PROJECT>
     <NODE_UUID>Q7OdiHuUHt68idmafDZJpg==</NODE_UUID>
     <TYPE>DASO</TYPE>
     <NAME>43B39D887B941EDEBC89D657176A89A3BAPIRET2</NAME>
    </_-IWBEP_-I_SBD_NOI>
    <_-IWBEP_-I_SBD_NOI>
     <PROJECT>ZOV</PROJECT>
     <NODE_UUID>Q7OdiHuUHt68idmafDZppg==</NODE_UUID>
     <TYPE>DASO</TYPE>
     <NAME>43B39D887B941EDEBC89D657176A89A3BAPIRET2\TYPE</NAME>
    </_-IWBEP_-I_SBD_NOI>
    <_-IWBEP_-I_SBD_NOI>
     <PROJECT>ZOV</PROJECT>
     <NODE_UUID>Q7OdiHuUHt68idmafDaJpg==</NODE_UUID>
     <TYPE>DASO</TYPE>
     <NAME>43B39D887B941EDEBC89D657176A89A3BAPIRET2\ID</NAME>
    </_-IWBEP_-I_SBD_NOI>
    <_-IWBEP_-I_SBD_NOI>
     <PROJECT>ZOV</PROJECT>
     <NODE_UUID>Q7OdiHuUHt68idmafDappg==</NODE_UUID>
     <TYPE>DASO</TYPE>
     <NAME>43B39D887B941EDEBC89D657176A89A3BAPIRET2\NUMBER</NAME>
    </_-IWBEP_-I_SBD_NOI>
    <_-IWBEP_-I_SBD_NOI>
     <PROJECT>ZOV</PROJECT>
     <NODE_UUID>Q7OdiHuUHt68idmafDbJpg==</NODE_UUID>
     <TYPE>DASO</TYPE>
     <NAME>43B39D887B941EDEBC89D657176A89A3BAPIRET2\MESSAGE</NAME>
    </_-IWBEP_-I_SBD_NOI>
    <_-IWBEP_-I_SBD_NOI>
     <PROJECT>ZOV</PROJECT>
     <NODE_UUID>Q7OdiHuUHt68idmafDbppg==</NODE_UUID>
     <TYPE>DASO</TYPE>
     <NAME>43B39D887B941EDEBC89D657176A89A3BAPIRET2\LOG_NO</NAME>
    </_-IWBEP_-I_SBD_NOI>
    <_-IWBEP_-I_SBD_NOI>
     <PROJECT>ZOV</PROJECT>
     <NODE_UUID>Q7OdiHuUHt68idmafDcJpg==</NODE_UUID>
     <TYPE>DASO</TYPE>
     <NAME>43B39D887B941EDEBC89D657176A89A3BAPIRET2\LOG_MSG_NO</NAME>
    </_-IWBEP_-I_SBD_NOI>
    <_-IWBEP_-I_SBD_NOI>
     <PROJECT>ZOV</PROJECT>
     <NODE_UUID>Q7OdiHuUHt68idmafDcppg==</NODE_UUID>
     <TYPE>DASO</TYPE>
     <NAME>43B39D887B941EDEBC89D657176A89A3BAPIRET2\MESSAGE_V1</NAME>
    </_-IWBEP_-I_SBD_NOI>
    <_-IWBEP_-I_SBD_NOI>
     <PROJECT>ZOV</PROJECT>
     <NODE_UUID>Q7OdiHuUHt68idmafDdJpg==</NODE_UUID>
     <TYPE>DASO</TYPE>
     <NAME>43B39D887B941EDEBC89D657176A89A3BAPIRET2\MESSAGE_V2</NAME>
    </_-IWBEP_-I_SBD_NOI>
    <_-IWBEP_-I_SBD_NOI>
     <PROJECT>ZOV</PROJECT>
     <NODE_UUID>Q7OdiHuUHt68idmafDdppg==</NODE_UUID>
     <TYPE>DASO</TYPE>
     <NAME>43B39D887B941EDEBC89D657176A89A3BAPIRET2\MESSAGE_V3</NAME>
    </_-IWBEP_-I_SBD_NOI>
    <_-IWBEP_-I_SBD_NOI>
     <PROJECT>ZOV</PROJECT>
     <NODE_UUID>Q7OdiHuUHt68idmafDeJpg==</NODE_UUID>
     <TYPE>DASO</TYPE>
     <NAME>43B39D887B941EDEBC89D657176A89A3BAPIRET2\MESSAGE_V4</NAME>
    </_-IWBEP_-I_SBD_NOI>
    <_-IWBEP_-I_SBD_NOI>
     <PROJECT>ZOV</PROJECT>
     <NODE_UUID>Q7OdiHuUHt68idmafDeppg==</NODE_UUID>
     <TYPE>DASO</TYPE>
     <NAME>43B39D887B941EDEBC89D657176A89A3BAPIRET2\PARAMETER</NAME>
    </_-IWBEP_-I_SBD_NOI>
    <_-IWBEP_-I_SBD_NOI>
     <PROJECT>ZOV</PROJECT>
     <NODE_UUID>Q7OdiHuUHt68idmafDfJpg==</NODE_UUID>
     <TYPE>DASO</TYPE>
     <NAME>43B39D887B941EDEBC89D657176A89A3BAPIRET2\ROW</NAME>
    </_-IWBEP_-I_SBD_NOI>
    <_-IWBEP_-I_SBD_NOI>
     <PROJECT>ZOV</PROJECT>
     <NODE_UUID>Q7OdiHuUHt68idmafDfppg==</NODE_UUID>
     <TYPE>DASO</TYPE>
     <NAME>43B39D887B941EDEBC89D657176A89A3BAPIRET2\FIELD</NAME>
    </_-IWBEP_-I_SBD_NOI>
    <_-IWBEP_-I_SBD_NOI>
     <PROJECT>ZOV</PROJECT>
     <NODE_UUID>Q7OdiHuUHt68idmafDgJpg==</NODE_UUID>
     <TYPE>DASO</TYPE>
     <NAME>43B39D887B941EDEBC89D657176A89A3BAPIRET2\SYSTEM</NAME>
    </_-IWBEP_-I_SBD_NOI>
    <_-IWBEP_-I_SBD_NOI>
     <PROJECT>ZOV</PROJECT>
     <NODE_UUID>Q7OdiHuUHt68idmafDgppg==</NODE_UUID>
    </_-IWBEP_-I_SBD_NOI>
    <_-IWBEP_-I_SBD_NOI>
     <PROJECT>ZOV</PROJECT>
     <NODE_UUID>Q7OdiHuUHt68idmafDhJpg==</NODE_UUID>
    </_-IWBEP_-I_SBD_NOI>
    <_-IWBEP_-I_SBD_NOI>
     <PROJECT>ZOV</PROJECT>
     <NODE_UUID>Q7OdiHuUHt68idmafDhppg==</NODE_UUID>
    </_-IWBEP_-I_SBD_NOI>
    <_-IWBEP_-I_SBD_NOI>
     <PROJECT>ZOV</PROJECT>
     <NODE_UUID>Q7OdiHuUHt68idmafDiJpg==</NODE_UUID>
    </_-IWBEP_-I_SBD_NOI>
    <_-IWBEP_-I_SBD_NOI>
     <PROJECT>ZOV</PROJECT>
     <NODE_UUID>Q7OdiHuUHt68idmafDippg==</NODE_UUID>
    </_-IWBEP_-I_SBD_NOI>
    <_-IWBEP_-I_SBD_NOI>
     <PROJECT>ZOV</PROJECT>
     <NODE_UUID>Q7OdiHuUHt68idmafDjJpg==</NODE_UUID>
    </_-IWBEP_-I_SBD_NOI>
    <_-IWBEP_-I_SBD_NOI>
     <PROJECT>ZOV</PROJECT>
     <NODE_UUID>Q7OdiHuUHt68idmafDjppg==</NODE_UUID>
    </_-IWBEP_-I_SBD_NOI>
    <_-IWBEP_-I_SBD_NOI>
     <PROJECT>ZOV</PROJECT>
     <NODE_UUID>Q7OdiHuUHt68idxuAFAppg==</NODE_UUID>
    </_-IWBEP_-I_SBD_NOI>
    <_-IWBEP_-I_SBD_NOI>
     <PROJECT>ZOV</PROJECT>
     <NODE_UUID>Q7OdiHuUHt68ifDQOjzpvA==</NODE_UUID>
    </_-IWBEP_-I_SBD_NOI>
    <_-IWBEP_-I_SBD_NOI>
     <PROJECT>ZOV</PROJECT>
     <NODE_UUID>Q7OdiHuUHt68ifDx9/epvA==</NODE_UUID>
    </_-IWBEP_-I_SBD_NOI>
    <_-IWBEP_-I_SBD_NOI>
     <PROJECT>ZOV</PROJECT>
     <NODE_UUID>Q7OdiHuUHt68ifDx9/fJvA==</NODE_UUID>
    </_-IWBEP_-I_SBD_NOI>
    <_-IWBEP_-I_SBD_NOI>
     <PROJECT>ZOV</PROJECT>
     <NODE_UUID>Q7OdiHuUHt68ifDx9/fpvA==</NODE_UUID>
    </_-IWBEP_-I_SBD_NOI>
    <_-IWBEP_-I_SBD_NOI>
     <PROJECT>ZOV</PROJECT>
     <NODE_UUID>Q7OdiHuUHt68ifDx9/gJvA==</NODE_UUID>
    </_-IWBEP_-I_SBD_NOI>
    <_-IWBEP_-I_SBD_NOI>
     <PROJECT>ZOV</PROJECT>
     <NODE_UUID>Q7OdiHuUHt68ifDx9/gpvA==</NODE_UUID>
    </_-IWBEP_-I_SBD_NOI>
    <_-IWBEP_-I_SBD_NOI>
     <PROJECT>ZOV</PROJECT>
     <NODE_UUID>Q7OdiHuUHt68ifDx9/hJvA==</NODE_UUID>
    </_-IWBEP_-I_SBD_NOI>
    <_-IWBEP_-I_SBD_NOI>
     <PROJECT>ZOV</PROJECT>
     <NODE_UUID>Q7OdiHuUHt68tqsKGaNPwg==</NODE_UUID>
    </_-IWBEP_-I_SBD_NOI>
    <_-IWBEP_-I_SBD_NOI>
     <PROJECT>ZOV</PROJECT>
     <NODE_UUID>Q7OdiHuUHt68tqsKGaNvwg==</NODE_UUID>
    </_-IWBEP_-I_SBD_NOI>
    <_-IWBEP_-I_SBD_NOI>
     <PROJECT>ZOV</PROJECT>
     <NODE_UUID>Q7OdiHuUHt68tqsKGaOPwg==</NODE_UUID>
    </_-IWBEP_-I_SBD_NOI>
    <_-IWBEP_-I_SBD_NOI>
     <PROJECT>ZOV</PROJECT>
     <NODE_UUID>Q7OdiHuUHt68tq1vsGSPxA==</NODE_UUID>
    </_-IWBEP_-I_SBD_NOI>
    <_-IWBEP_-I_SBD_NOI>
     <PROJECT>ZOV</PROJECT>
     <NODE_UUID>Q7OdiHuUHu69v7xet56CTA==</NODE_UUID>
    </_-IWBEP_-I_SBD_NOI>
    <_-IWBEP_-I_SBD_NOI>
     <PROJECT>ZOV</PROJECT>
     <NODE_UUID>Q7OdiHuUHu690qzTZS7E7Q==</NODE_UUID>
    </_-IWBEP_-I_SBD_NOI>
    <_-IWBEP_-I_SBD_NOI>
     <PROJECT>ZOV</PROJECT>
     <NODE_UUID>Q7OdiHuUHu690q8puBVk9Q==</NODE_UUID>
    </_-IWBEP_-I_SBD_NOI>
    <_-IWBEP_-I_SBD_NOI>
     <PROJECT>ZOV</PROJECT>
     <NODE_UUID>Q7OdiHuUHu690q8puBWE9Q==</NODE_UUID>
    </_-IWBEP_-I_SBD_NOI>
    <_-IWBEP_-I_SBD_NOI>
     <PROJECT>ZOV</PROJECT>
     <NODE_UUID>Q7OdiHuUHu695ptmPC+F1Q==</NODE_UUID>
    </_-IWBEP_-I_SBD_NOI>
    <_-IWBEP_-I_SBD_NOI>
     <PROJECT>ZOV</PROJECT>
     <NODE_UUID>Q7OdiHuUHu695pyJsGjl1Q==</NODE_UUID>
    </_-IWBEP_-I_SBD_NOI>
    <_-IWBEP_-I_SBD_NOI>
     <PROJECT>ZOV</PROJECT>
     <NODE_UUID>Q7OdiHuUHu695pyJsGkF1Q==</NODE_UUID>
    </_-IWBEP_-I_SBD_NOI>
   </_-IWBEP_-I_SBD_NOI>
   <_-IWBEP_-I_SBD_OP>
    <_-IWBEP_-I_SBD_OP>
     <PROJECT>ZOV</PROJECT>
     <NODE_UUID>Q7OdiHuUHt68iZPqGRepag==</NODE_UUID>
     <PARENT_UUID>Q7OdiHuUHt68iZPqGReJag==</PARENT_UUID>
     <NAME>Create</NAME>
     <OPERATION_TYPE>C</OPERATION_TYPE>
     <IMP_METHOD>OVCABSET_CREATE_ENTITY</IMP_METHOD>
    </_-IWBEP_-I_SBD_OP>
    <_-IWBEP_-I_SBD_OP>
     <PROJECT>ZOV</PROJECT>
     <NODE_UUID>Q7OdiHuUHt68iZPqGRfJag==</NODE_UUID>
     <PARENT_UUID>Q7OdiHuUHt68iZPqGReJag==</PARENT_UUID>
     <NAME>GetEntity (Read)</NAME>
     <OPERATION_TYPE>R</OPERATION_TYPE>
     <IMP_METHOD>OVCABSET_GET_ENTITY</IMP_METHOD>
    </_-IWBEP_-I_SBD_OP>
    <_-IWBEP_-I_SBD_OP>
     <PROJECT>ZOV</PROJECT>
     <NODE_UUID>Q7OdiHuUHt68iZPqGRfpag==</NODE_UUID>
     <PARENT_UUID>Q7OdiHuUHt68iZPqGReJag==</PARENT_UUID>
     <NAME>Update</NAME>
     <OPERATION_TYPE>U</OPERATION_TYPE>
     <IMP_METHOD>OVCABSET_UPDATE_ENTITY</IMP_METHOD>
    </_-IWBEP_-I_SBD_OP>
    <_-IWBEP_-I_SBD_OP>
     <PROJECT>ZOV</PROJECT>
     <NODE_UUID>Q7OdiHuUHt68iZPqGRgJag==</NODE_UUID>
     <PARENT_UUID>Q7OdiHuUHt68iZPqGReJag==</PARENT_UUID>
     <NAME>Delete</NAME>
     <OPERATION_TYPE>D</OPERATION_TYPE>
     <IMP_METHOD>OVCABSET_DELETE_ENTITY</IMP_METHOD>
    </_-IWBEP_-I_SBD_OP>
    <_-IWBEP_-I_SBD_OP>
     <PROJECT>ZOV</PROJECT>
     <NODE_UUID>Q7OdiHuUHt68iZPqGRgpag==</NODE_UUID>
     <PARENT_UUID>Q7OdiHuUHt68iZPqGReJag==</PARENT_UUID>
     <NAME>GetEntitySet (Query)</NAME>
     <OPERATION_TYPE>Q</OPERATION_TYPE>
     <IMP_METHOD>OVCABSET_GET_ENTITYSET</IMP_METHOD>
    </_-IWBEP_-I_SBD_OP>
    <_-IWBEP_-I_SBD_OP>
     <PROJECT>ZOV</PROJECT>
     <NODE_UUID>Q7OdiHuUHt68ib6QBIipkQ==</NODE_UUID>
     <PARENT_UUID>Q7OdiHuUHt68ib6QBIiJkQ==</PARENT_UUID>
     <NAME>Create</NAME>
     <OPERATION_TYPE>C</OPERATION_TYPE>
     <IMP_METHOD>OVITEMSET_CREATE_ENTITY</IMP_METHOD>
    </_-IWBEP_-I_SBD_OP>
    <_-IWBEP_-I_SBD_OP>
     <PROJECT>ZOV</PROJECT>
     <NODE_UUID>Q7OdiHuUHt68ib6QBIjJkQ==</NODE_UUID>
     <PARENT_UUID>Q7OdiHuUHt68ib6QBIiJkQ==</PARENT_UUID>
     <NAME>GetEntity (Read)</NAME>
     <OPERATION_TYPE>R</OPERATION_TYPE>
     <IMP_METHOD>OVITEMSET_GET_ENTITY</IMP_METHOD>
    </_-IWBEP_-I_SBD_OP>
    <_-IWBEP_-I_SBD_OP>
     <PROJECT>ZOV</PROJECT>
     <NODE_UUID>Q7OdiHuUHt68ib6QBIjpkQ==</NODE_UUID>
     <PARENT_UUID>Q7OdiHuUHt68ib6QBIiJkQ==</PARENT_UUID>
     <NAME>Update</NAME>
     <OPERATION_TYPE>U</OPERATION_TYPE>
     <IMP_METHOD>OVITEMSET_UPDATE_ENTITY</IMP_METHOD>
    </_-IWBEP_-I_SBD_OP>
    <_-IWBEP_-I_SBD_OP>
     <PROJECT>ZOV</PROJECT>
     <NODE_UUID>Q7OdiHuUHt68ib6QBIkJkQ==</NODE_UUID>
     <PARENT_UUID>Q7OdiHuUHt68ib6QBIiJkQ==</PARENT_UUID>
     <NAME>Delete</NAME>
     <OPERATION_TYPE>D</OPERATION_TYPE>
     <IMP_METHOD>OVITEMSET_DELETE_ENTITY</IMP_METHOD>
    </_-IWBEP_-I_SBD_OP>
    <_-IWBEP_-I_SBD_OP>
     <PROJECT>ZOV</PROJECT>
     <NODE_UUID>Q7OdiHuUHt68ib6QBIkpkQ==</NODE_UUID>
     <PARENT_UUID>Q7OdiHuUHt68ib6QBIiJkQ==</PARENT_UUID>
     <NAME>GetEntitySet (Query)</NAME>
     <OPERATION_TYPE>Q</OPERATION_TYPE>
     <IMP_METHOD>OVITEMSET_GET_ENTITYSET</IMP_METHOD>
    </_-IWBEP_-I_SBD_OP>
    <_-IWBEP_-I_SBD_OP>
     <PROJECT>ZOV</PROJECT>
     <NODE_UUID>Q7OdiHuUHt68idmafDhppg==</NODE_UUID>
     <PARENT_UUID>Q7OdiHuUHt68idmafDhJpg==</PARENT_UUID>
     <NAME>Create</NAME>
     <OPERATION_TYPE>C</OPERATION_TYPE>
     <IMP_METHOD>MENSAGEMSET_CREATE_ENTITY</IMP_METHOD>
    </_-IWBEP_-I_SBD_OP>
    <_-IWBEP_-I_SBD_OP>
     <PROJECT>ZOV</PROJECT>
     <NODE_UUID>Q7OdiHuUHt68idmafDiJpg==</NODE_UUID>
     <PARENT_UUID>Q7OdiHuUHt68idmafDhJpg==</PARENT_UUID>
     <NAME>GetEntity (Read)</NAME>
     <OPERATION_TYPE>R</OPERATION_TYPE>
     <IMP_METHOD>MENSAGEMSET_GET_ENTITY</IMP_METHOD>
    </_-IWBEP_-I_SBD_OP>
    <_-IWBEP_-I_SBD_OP>
     <PROJECT>ZOV</PROJECT>
     <NODE_UUID>Q7OdiHuUHt68idmafDippg==</NODE_UUID>
     <PARENT_UUID>Q7OdiHuUHt68idmafDhJpg==</PARENT_UUID>
     <NAME>Update</NAME>
     <OPERATION_TYPE>U</OPERATION_TYPE>
     <IMP_METHOD>MENSAGEMSET_UPDATE_ENTITY</IMP_METHOD>
    </_-IWBEP_-I_SBD_OP>
    <_-IWBEP_-I_SBD_OP>
     <PROJECT>ZOV</PROJECT>
     <NODE_UUID>Q7OdiHuUHt68idmafDjJpg==</NODE_UUID>
     <PARENT_UUID>Q7OdiHuUHt68idmafDhJpg==</PARENT_UUID>
     <NAME>Delete</NAME>
     <OPERATION_TYPE>D</OPERATION_TYPE>
     <IMP_METHOD>MENSAGEMSET_DELETE_ENTITY</IMP_METHOD>
    </_-IWBEP_-I_SBD_OP>
    <_-IWBEP_-I_SBD_OP>
     <PROJECT>ZOV</PROJECT>
     <NODE_UUID>Q7OdiHuUHt68idmafDjppg==</NODE_UUID>
     <PARENT_UUID>Q7OdiHuUHt68idmafDhJpg==</PARENT_UUID>
     <NAME>GetEntitySet (Query)</NAME>
     <OPERATION_TYPE>Q</OPERATION_TYPE>
     <IMP_METHOD>MENSAGEMSET_GET_ENTITYSET</IMP_METHOD>
    </_-IWBEP_-I_SBD_OP>
   </_-IWBEP_-I_SBD_OP>
   <_-IWBEP_-I_SBD_OPT>
    <_-IWBEP_-I_SBD_OPT>
     <SYLANGU>E</SYLANGU>
     <PROJECT>ZOV</PROJECT>
     <NODE_UUID>Q7OdiHuUHt68iZPqGRepag==</NODE_UUID>
    </_-IWBEP_-I_SBD_OPT>
    <_-IWBEP_-I_SBD_OPT>
     <SYLANGU>E</SYLANGU>
     <PROJECT>ZOV</PROJECT>
     <NODE_UUID>Q7OdiHuUHt68iZPqGRfJag==</NODE_UUID>
    </_-IWBEP_-I_SBD_OPT>
    <_-IWBEP_-I_SBD_OPT>
     <SYLANGU>E</SYLANGU>
     <PROJECT>ZOV</PROJECT>
     <NODE_UUID>Q7OdiHuUHt68iZPqGRfpag==</NODE_UUID>
    </_-IWBEP_-I_SBD_OPT>
    <_-IWBEP_-I_SBD_OPT>
     <SYLANGU>E</SYLANGU>
     <PROJECT>ZOV</PROJECT>
     <NODE_UUID>Q7OdiHuUHt68iZPqGRgJag==</NODE_UUID>
    </_-IWBEP_-I_SBD_OPT>
    <_-IWBEP_-I_SBD_OPT>
     <SYLANGU>E</SYLANGU>
     <PROJECT>ZOV</PROJECT>
     <NODE_UUID>Q7OdiHuUHt68iZPqGRgpag==</NODE_UUID>
    </_-IWBEP_-I_SBD_OPT>
    <_-IWBEP_-I_SBD_OPT>
     <SYLANGU>E</SYLANGU>
     <PROJECT>ZOV</PROJECT>
     <NODE_UUID>Q7OdiHuUHt68ib6QBIipkQ==</NODE_UUID>
    </_-IWBEP_-I_SBD_OPT>
    <_-IWBEP_-I_SBD_OPT>
     <SYLANGU>E</SYLANGU>
     <PROJECT>ZOV</PROJECT>
     <NODE_UUID>Q7OdiHuUHt68ib6QBIjJkQ==</NODE_UUID>
    </_-IWBEP_-I_SBD_OPT>
    <_-IWBEP_-I_SBD_OPT>
     <SYLANGU>E</SYLANGU>
     <PROJECT>ZOV</PROJECT>
     <NODE_UUID>Q7OdiHuUHt68ib6QBIjpkQ==</NODE_UUID>
    </_-IWBEP_-I_SBD_OPT>
    <_-IWBEP_-I_SBD_OPT>
     <SYLANGU>E</SYLANGU>
     <PROJECT>ZOV</PROJECT>
     <NODE_UUID>Q7OdiHuUHt68ib6QBIkJkQ==</NODE_UUID>
    </_-IWBEP_-I_SBD_OPT>
    <_-IWBEP_-I_SBD_OPT>
     <SYLANGU>E</SYLANGU>
     <PROJECT>ZOV</PROJECT>
     <NODE_UUID>Q7OdiHuUHt68ib6QBIkpkQ==</NODE_UUID>
    </_-IWBEP_-I_SBD_OPT>
    <_-IWBEP_-I_SBD_OPT>
     <SYLANGU>E</SYLANGU>
     <PROJECT>ZOV</PROJECT>
     <NODE_UUID>Q7OdiHuUHt68idmafDhppg==</NODE_UUID>
    </_-IWBEP_-I_SBD_OPT>
    <_-IWBEP_-I_SBD_OPT>
     <SYLANGU>E</SYLANGU>
     <PROJECT>ZOV</PROJECT>
     <NODE_UUID>Q7OdiHuUHt68idmafDiJpg==</NODE_UUID>
    </_-IWBEP_-I_SBD_OPT>
    <_-IWBEP_-I_SBD_OPT>
     <SYLANGU>E</SYLANGU>
     <PROJECT>ZOV</PROJECT>
     <NODE_UUID>Q7OdiHuUHt68idmafDippg==</NODE_UUID>
    </_-IWBEP_-I_SBD_OPT>
    <_-IWBEP_-I_SBD_OPT>
     <SYLANGU>E</SYLANGU>
     <PROJECT>ZOV</PROJECT>
     <NODE_UUID>Q7OdiHuUHt68idmafDjJpg==</NODE_UUID>
    </_-IWBEP_-I_SBD_OPT>
    <_-IWBEP_-I_SBD_OPT>
     <SYLANGU>E</SYLANGU>
     <PROJECT>ZOV</PROJECT>
     <NODE_UUID>Q7OdiHuUHt68idmafDjppg==</NODE_UUID>
    </_-IWBEP_-I_SBD_OPT>
   </_-IWBEP_-I_SBD_OPT>
   <_-IWBEP_-I_SBD_PR>
    <_-IWBEP_-I_SBD_PR>
     <PROJECT>ZOV</PROJECT>
     <NODE_UUID>Q7OdiHuUHt68iY1X8qgJZw==</NODE_UUID>
     <CREATION_USER_ID>DEVELOPER</CREATION_USER_ID>
     <CREATION_TIME>20240401172229.418653</CREATION_TIME>
     <LAST_CHG_USER_ID>DEVELOPER</LAST_CHG_USER_ID>
     <LAST_CHG_TIME>20240410122243.043661</LAST_CHG_TIME>
     <LAST_CHG_STATE>Q7OdiHuUHu695qD4mxCF2Q==</LAST_CHG_STATE>
     <PLUGIN>/IWBEP/GEN</PLUGIN>
     <STRAT_NAME>0001</STRAT_NAME>
     <STRAT_VERSION>0001</STRAT_VERSION>
     <PROJECT_TYPE>1</PROJECT_TYPE>
    </_-IWBEP_-I_SBD_PR>
   </_-IWBEP_-I_SBD_PR>
   <_-IWBEP_-I_SBD_PRT>
    <_-IWBEP_-I_SBD_PRT>
     <PROJECT>ZOV</PROJECT>
     <SYLANGU>E</SYLANGU>
     <DESCRIPTION>Ordem de Venda</DESCRIPTION>
    </_-IWBEP_-I_SBD_PRT>
   </_-IWBEP_-I_SBD_PRT>
   <_-IWBEP_-I_SBD_SE>
    <_-IWBEP_-I_SBD_SE>
     <PROJECT>ZOV</PROJECT>
     <NODE_UUID>Q7OdiHuUHt68iZPqGReJag==</NODE_UUID>
     <PARENT_UUID>Q7OdiHuUHt68iY1X8qhJZw==</PARENT_UUID>
     <NAME>OVCabSet</NAME>
     <ENTITY_SET_UUID>Q7OdiHuUHt68iZPqGRdpag==</ENTITY_SET_UUID>
    </_-IWBEP_-I_SBD_SE>
    <_-IWBEP_-I_SBD_SE>
     <PROJECT>ZOV</PROJECT>
     <NODE_UUID>Q7OdiHuUHt68ib6QBIiJkQ==</NODE_UUID>
     <PARENT_UUID>Q7OdiHuUHt68iY1X8qhJZw==</PARENT_UUID>
     <NAME>OVItemSet</NAME>
     <ENTITY_SET_UUID>Q7OdiHuUHt68ib6QBIhpkQ==</ENTITY_SET_UUID>
    </_-IWBEP_-I_SBD_SE>
    <_-IWBEP_-I_SBD_SE>
     <PROJECT>ZOV</PROJECT>
     <NODE_UUID>Q7OdiHuUHt68idmafDhJpg==</NODE_UUID>
     <PARENT_UUID>Q7OdiHuUHt68iY1X8qhJZw==</PARENT_UUID>
     <NAME>MensagemSet</NAME>
     <ENTITY_SET_UUID>Q7OdiHuUHt68idmafDgppg==</ENTITY_SET_UUID>
    </_-IWBEP_-I_SBD_SE>
   </_-IWBEP_-I_SBD_SE>
   <_-IWBEP_-I_SBD_SET>
    <_-IWBEP_-I_SBD_SET>
     <SYLANGU>E</SYLANGU>
     <PROJECT>ZOV</PROJECT>
     <NODE_UUID>Q7OdiHuUHt68iZPqGReJag==</NODE_UUID>
    </_-IWBEP_-I_SBD_SET>
    <_-IWBEP_-I_SBD_SET>
     <SYLANGU>E</SYLANGU>
     <PROJECT>ZOV</PROJECT>
     <NODE_UUID>Q7OdiHuUHt68ib6QBIiJkQ==</NODE_UUID>
    </_-IWBEP_-I_SBD_SET>
    <_-IWBEP_-I_SBD_SET>
     <SYLANGU>E</SYLANGU>
     <PROJECT>ZOV</PROJECT>
     <NODE_UUID>Q7OdiHuUHt68idmafDhJpg==</NODE_UUID>
    </_-IWBEP_-I_SBD_SET>
   </_-IWBEP_-I_SBD_SET>
   <_-IWBEP_-I_SBD_SV>
    <_-IWBEP_-I_SBD_SV>
     <PROJECT>ZOV</PROJECT>
     <NODE_UUID>Q7OdiHuUHt68iY1X8qhJZw==</NODE_UUID>
     <TECHNICAL_NAME>ZOV_SRV</TECHNICAL_NAME>
     <VERSION>0001</VERSION>
     <DPC>ZCL_ZOV_DPC_EXT</DPC>
     <EXTERNAL_NAME>ZOV_SRV</EXTERNAL_NAME>
    </_-IWBEP_-I_SBD_SV>
   </_-IWBEP_-I_SBD_SV>
   <_-IWBEP_-I_SBD_SVT>
    <_-IWBEP_-I_SBD_SVT>
     <SYLANGU>E</SYLANGU>
     <PROJECT>ZOV</PROJECT>
     <NODE_UUID>Q7OdiHuUHt68iY1X8qhJZw==</NODE_UUID>
    </_-IWBEP_-I_SBD_SVT>
   </_-IWBEP_-I_SBD_SVT>
   <_-IWBEP_-I_SBO_ASO>
    <_-IWBEP_-I_SBO_ASO>
     <PROJECT>ZOV</PROJECT>
     <NODE_UUID>Q7OdiHuUHt68tqsKGaNPwg==</NODE_UUID>
     <NAME>CabItem</NAME>
     <MODEL_GUID>Q7OdiHuUHt68iY1X8qgpZw==</MODEL_GUID>
     <LEFT_END_GUID>Q7OdiHuUHt68iZPqGRdJag==</LEFT_END_GUID>
     <RIGHT_END_GUID>Q7OdiHuUHt68ib6QBIhJkQ==</RIGHT_END_GUID>
     <LEFT_END_CARD>1</LEFT_END_CARD>
     <RIGHT_END_CARD>M</RIGHT_END_CARD>
     <REF_TYPE>T</REF_TYPE>
     <TXTR_XU>X</TXTR_XU>
     <DESCRIPTION_XU>X</DESCRIPTION_XU>
     <ASSOC_LABEL_XU>X</ASSOC_LABEL_XU>
    </_-IWBEP_-I_SBO_ASO>
   </_-IWBEP_-I_SBO_ASO>
   <_-IWBEP_-I_SBO_AST>
    <_-IWBEP_-I_SBO_AST>
     <SYLANGU>E</SYLANGU>
     <PROJECT>ZOV</PROJECT>
     <NODE_UUID>Q7OdiHuUHt68tqsKGaNPwg==</NODE_UUID>
    </_-IWBEP_-I_SBO_AST>
   </_-IWBEP_-I_SBO_AST>
   <_-IWBEP_-I_SBO_AT>
    <_-IWBEP_-I_SBO_AT>
     <PROJECT>ZOV</PROJECT>
     <NODE_UUID>Q7OdiHuUHt68tq1vsGSPxA==</NODE_UUID>
     <NAME>CabItemSet</NAME>
     <MODEL_GUID>Q7OdiHuUHt68iY1X8qgpZw==</MODEL_GUID>
     <LEFT_END_GUID>Q7OdiHuUHt68iZPqGRdpag==</LEFT_END_GUID>
     <RIGHT_END_GUID>Q7OdiHuUHt68ib6QBIhpkQ==</RIGHT_END_GUID>
     <ASSOCIATION_GUID>Q7OdiHuUHt68tqsKGaNPwg==</ASSOCIATION_GUID>
     <REF_TYPE>T</REF_TYPE>
     <TXTR_XU>X</TXTR_XU>
     <DESCRIPTION_XU>X</DESCRIPTION_XU>
     <ASST_LABEL_XU>X</ASST_LABEL_XU>
    </_-IWBEP_-I_SBO_AT>
   </_-IWBEP_-I_SBO_AT>
   <_-IWBEP_-I_SBO_ATT>
    <_-IWBEP_-I_SBO_ATT>
     <SYLANGU>E</SYLANGU>
     <PROJECT>ZOV</PROJECT>
     <NODE_UUID>Q7OdiHuUHt68tq1vsGSPxA==</NODE_UUID>
    </_-IWBEP_-I_SBO_ATT>
   </_-IWBEP_-I_SBO_ATT>
   <_-IWBEP_-I_SBO_CT>
    <_-IWBEP_-I_SBO_CT>
     <PROJECT>ZOV</PROJECT>
     <NODE_UUID>Q7OdiHuUHu695ptmPC+F1Q==</NODE_UUID>
     <NAME>Mensagem2</NAME>
     <MODEL>Q7OdiHuUHt68iY1X8qgpZw==</MODEL>
     <REF_TYPE>T</REF_TYPE>
     <TECH_NAME>MENSAGEM2</TECH_NAME>
     <IS_ABSTRACT_XU>X</IS_ABSTRACT_XU>
     <BASE_TYPE_XU>X</BASE_TYPE_XU>
     <LTXT_XU>X</LTXT_XU>
     <ABAP_STRUCT_XU>X</ABAP_STRUCT_XU>
     <DESCRIPTION_XU>X</DESCRIPTION_XU>
     <CT_LABEL_XU>X</CT_LABEL_XU>
    </_-IWBEP_-I_SBO_CT>
   </_-IWBEP_-I_SBO_CT>
   <_-IWBEP_-I_SBO_CTT>
    <_-IWBEP_-I_SBO_CTT>
     <SYLANGU>E</SYLANGU>
     <PROJECT>ZOV</PROJECT>
     <NODE_UUID>Q7OdiHuUHu695ptmPC+F1Q==</NODE_UUID>
    </_-IWBEP_-I_SBO_CTT>
   </_-IWBEP_-I_SBO_CTT>
   <_-IWBEP_-I_SBO_ES>
    <_-IWBEP_-I_SBO_ES>
     <PROJECT>ZOV</PROJECT>
     <NODE_UUID>Q7OdiHuUHt68iZPqGRdpag==</NODE_UUID>
     <MODEL>Q7OdiHuUHt68iY1X8qgpZw==</MODEL>
     <NAME>OVCabSet</NAME>
     <ENTITY_TYPE>Q7OdiHuUHt68iZPqGRdJag==</ENTITY_TYPE>
     <REF_TYPE>T</REF_TYPE>
     <TECH_NAME>OVCABSET</TECH_NAME>
     <CREATABLE_XU>X</CREATABLE_XU>
     <UPDATABLE_XU>X</UPDATABLE_XU>
     <DELETABLE_XU>X</DELETABLE_XU>
     <PAGEABLE_XU>X</PAGEABLE_XU>
     <ADDRESSABLE_XU>X</ADDRESSABLE_XU>
     <SEARCHABLE_XU>X</SEARCHABLE_XU>
     <SUBSCRIBABLE_XU>X</SUBSCRIBABLE_XU>
     <REQUIRES_FLT_XU>X</REQUIRES_FLT_XU>
     <SEMANTIC_XU>X</SEMANTIC_XU>
     <LABEL_REF_XU>X</LABEL_REF_XU>
     <DESCRIPTION_XU>X</DESCRIPTION_XU>
     <ESET_LABEL_XU>X</ESET_LABEL_XU>
     <IN_SERV_DOCU>X</IN_SERV_DOCU>
    </_-IWBEP_-I_SBO_ES>
    <_-IWBEP_-I_SBO_ES>
     <PROJECT>ZOV</PROJECT>
     <NODE_UUID>Q7OdiHuUHt68ib6QBIhpkQ==</NODE_UUID>
     <MODEL>Q7OdiHuUHt68iY1X8qgpZw==</MODEL>
     <NAME>OVItemSet</NAME>
     <ENTITY_TYPE>Q7OdiHuUHt68ib6QBIhJkQ==</ENTITY_TYPE>
     <REF_TYPE>T</REF_TYPE>
     <TECH_NAME>OVITEMSET</TECH_NAME>
     <CREATABLE_XU>X</CREATABLE_XU>
     <UPDATABLE_XU>X</UPDATABLE_XU>
     <DELETABLE_XU>X</DELETABLE_XU>
     <PAGEABLE_XU>X</PAGEABLE_XU>
     <ADDRESSABLE_XU>X</ADDRESSABLE_XU>
     <SEARCHABLE_XU>X</SEARCHABLE_XU>
     <SUBSCRIBABLE_XU>X</SUBSCRIBABLE_XU>
     <REQUIRES_FLT_XU>X</REQUIRES_FLT_XU>
     <SEMANTIC_XU>X</SEMANTIC_XU>
     <LABEL_REF_XU>X</LABEL_REF_XU>
     <DESCRIPTION_XU>X</DESCRIPTION_XU>
     <ESET_LABEL_XU>X</ESET_LABEL_XU>
     <IN_SERV_DOCU>X</IN_SERV_DOCU>
    </_-IWBEP_-I_SBO_ES>
    <_-IWBEP_-I_SBO_ES>
     <PROJECT>ZOV</PROJECT>
     <NODE_UUID>Q7OdiHuUHt68idmafDgppg==</NODE_UUID>
     <MODEL>Q7OdiHuUHt68iY1X8qgpZw==</MODEL>
     <NAME>MensagemSet</NAME>
     <ENTITY_TYPE>Q7OdiHuUHt68idmafDZJpg==</ENTITY_TYPE>
     <ADDRESSABLE>X</ADDRESSABLE>
     <REF_TYPE>T</REF_TYPE>
     <TECH_NAME>MENSAGEMSET</TECH_NAME>
     <CREATABLE_XU>X</CREATABLE_XU>
     <UPDATABLE_XU>X</UPDATABLE_XU>
     <DELETABLE_XU>X</DELETABLE_XU>
     <PAGEABLE_XU>X</PAGEABLE_XU>
     <SEARCHABLE_XU>X</SEARCHABLE_XU>
     <SUBSCRIBABLE_XU>X</SUBSCRIBABLE_XU>
     <REQUIRES_FLT_XU>X</REQUIRES_FLT_XU>
     <SEMANTIC_XU>X</SEMANTIC_XU>
     <LABEL_REF_XU>X</LABEL_REF_XU>
     <DESCRIPTION_XU>X</DESCRIPTION_XU>
     <ESET_LABEL_XU>X</ESET_LABEL_XU>
     <IN_SERV_DOCU>X</IN_SERV_DOCU>
    </_-IWBEP_-I_SBO_ES>
   </_-IWBEP_-I_SBO_ES>
   <_-IWBEP_-I_SBO_EST>
    <_-IWBEP_-I_SBO_EST>
     <SYLANGU>E</SYLANGU>
     <PROJECT>ZOV</PROJECT>
     <NODE_UUID>Q7OdiHuUHt68iZPqGRdpag==</NODE_UUID>
    </_-IWBEP_-I_SBO_EST>
    <_-IWBEP_-I_SBO_EST>
     <SYLANGU>E</SYLANGU>
     <PROJECT>ZOV</PROJECT>
     <NODE_UUID>Q7OdiHuUHt68ib6QBIhpkQ==</NODE_UUID>
    </_-IWBEP_-I_SBO_EST>
    <_-IWBEP_-I_SBO_EST>
     <SYLANGU>E</SYLANGU>
     <PROJECT>ZOV</PROJECT>
     <NODE_UUID>Q7OdiHuUHt68idmafDgppg==</NODE_UUID>
    </_-IWBEP_-I_SBO_EST>
   </_-IWBEP_-I_SBO_EST>
   <_-IWBEP_-I_SBO_ET>
    <_-IWBEP_-I_SBO_ET>
     <PROJECT>ZOV</PROJECT>
     <NODE_UUID>Q7OdiHuUHt68iZPqGRdJag==</NODE_UUID>
     <NAME>OVCab</NAME>
     <MODEL>Q7OdiHuUHt68iY1X8qgpZw==</MODEL>
     <REF_TYPE>T</REF_TYPE>
     <TECH_NAME>OVCAB</TECH_NAME>
     <BASE_TYPE_XU>X</BASE_TYPE_XU>
     <ABSTRACT_XU>X</ABSTRACT_XU>
     <IS_THING_TYPE_XU>X</IS_THING_TYPE_XU>
     <IS_MEDIA_XU>X</IS_MEDIA_XU>
     <SEMANTIC_XU>X</SEMANTIC_XU>
     <FC_TARGET_PATHXU>X</FC_TARGET_PATHXU>
     <TXTR_XU>X</TXTR_XU>
     <ABAP_STRUCT_XU>X</ABAP_STRUCT_XU>
     <DESCRIPTION_XU>X</DESCRIPTION_XU>
     <ET_LABEL_XU>X</ET_LABEL_XU>
    </_-IWBEP_-I_SBO_ET>
    <_-IWBEP_-I_SBO_ET>
     <PROJECT>ZOV</PROJECT>
     <NODE_UUID>Q7OdiHuUHt68ib6QBIhJkQ==</NODE_UUID>
     <NAME>OVItem</NAME>
     <MODEL>Q7OdiHuUHt68iY1X8qgpZw==</MODEL>
     <REF_TYPE>T</REF_TYPE>
     <TECH_NAME>OVITEM</TECH_NAME>
     <BASE_TYPE_XU>X</BASE_TYPE_XU>
     <ABSTRACT_XU>X</ABSTRACT_XU>
     <IS_THING_TYPE_XU>X</IS_THING_TYPE_XU>
     <IS_MEDIA_XU>X</IS_MEDIA_XU>
     <SEMANTIC_XU>X</SEMANTIC_XU>
     <FC_TARGET_PATHXU>X</FC_TARGET_PATHXU>
     <TXTR_XU>X</TXTR_XU>
     <ABAP_STRUCT_XU>X</ABAP_STRUCT_XU>
     <DESCRIPTION_XU>X</DESCRIPTION_XU>
     <ET_LABEL_XU>X</ET_LABEL_XU>
    </_-IWBEP_-I_SBO_ET>
    <_-IWBEP_-I_SBO_ET>
     <PROJECT>ZOV</PROJECT>
     <NODE_UUID>Q7OdiHuUHt68idmafDZJpg==</NODE_UUID>
     <NAME>Mensagem</NAME>
     <MODEL>Q7OdiHuUHt68iY1X8qgpZw==</MODEL>
     <REF_TYPE>T</REF_TYPE>
     <TECH_NAME>MENSAGEM</TECH_NAME>
     <DESCRIPTION_XU>X</DESCRIPTION_XU>
    </_-IWBEP_-I_SBO_ET>
   </_-IWBEP_-I_SBO_ET>
   <_-IWBEP_-I_SBO_ETT>
    <_-IWBEP_-I_SBO_ETT>
     <SYLANGU>E</SYLANGU>
     <PROJECT>ZOV</PROJECT>
     <NODE_UUID>Q7OdiHuUHt68iZPqGRdJag==</NODE_UUID>
    </_-IWBEP_-I_SBO_ETT>
    <_-IWBEP_-I_SBO_ETT>
     <SYLANGU>E</SYLANGU>
     <PROJECT>ZOV</PROJECT>
     <NODE_UUID>Q7OdiHuUHt68ib6QBIhJkQ==</NODE_UUID>
    </_-IWBEP_-I_SBO_ETT>
    <_-IWBEP_-I_SBO_ETT>
     <SYLANGU>E</SYLANGU>
     <PROJECT>ZOV</PROJECT>
     <NODE_UUID>Q7OdiHuUHt68idmafDZJpg==</NODE_UUID>
    </_-IWBEP_-I_SBO_ETT>
   </_-IWBEP_-I_SBO_ETT>
   <_-IWBEP_-I_SBO_FI>
    <_-IWBEP_-I_SBO_FI>
     <PROJECT>ZOV</PROJECT>
     <NODE_UUID>Q7OdiHuUHu690qzTZS7E7Q==</NODE_UUID>
     <MODEL>Q7OdiHuUHt68iY1X8qgpZw==</MODEL>
     <NAME>ZFI_ATUALIZA_STATUS</NAME>
     <RETURN_CARD>M</RETURN_CARD>
     <RETURN_REF_TYPE>Q7OdiHuUHu695ptmPC+F1Q==</RETURN_REF_TYPE>
     <RETURN_TYPE_KIND>CTYP</RETURN_TYPE_KIND>
     <REF_TYPE>T</REF_TYPE>
     <DESCRIPTION_XU>X</DESCRIPTION_XU>
    </_-IWBEP_-I_SBO_FI>
   </_-IWBEP_-I_SBO_FI>
   <_-IWBEP_-I_SBO_FIT>
    <_-IWBEP_-I_SBO_FIT>
     <SYLANGU>E</SYLANGU>
     <PROJECT>ZOV</PROJECT>
     <NODE_UUID>Q7OdiHuUHu690qzTZS7E7Q==</NODE_UUID>
    </_-IWBEP_-I_SBO_FIT>
   </_-IWBEP_-I_SBO_FIT>
   <_-IWBEP_-I_SBO_FP>
    <_-IWBEP_-I_SBO_FP>
     <PROJECT>ZOV</PROJECT>
     <NODE_UUID>Q7OdiHuUHu690q8puBVk9Q==</NODE_UUID>
     <NAME>ID_ORDEMID</NAME>
     <FUNCTION_IMPORT>Q7OdiHuUHu690qzTZS7E7Q==</FUNCTION_IMPORT>
     <ABAP_FIELD>ID_ORDEMID</ABAP_FIELD>
     <EDM_CORE_TYPE>Edm.Int32</EDM_CORE_TYPE>
     <REF_TYPE>T</REF_TYPE>
     <ABTY_XU>X</ABTY_XU>
     <DESCRIPTION_XU>X</DESCRIPTION_XU>
    </_-IWBEP_-I_SBO_FP>
    <_-IWBEP_-I_SBO_FP>
     <PROJECT>ZOV</PROJECT>
     <NODE_UUID>Q7OdiHuUHu690q8puBWE9Q==</NODE_UUID>
     <NAME>ID_STATUS</NAME>
     <FUNCTION_IMPORT>Q7OdiHuUHu690qzTZS7E7Q==</FUNCTION_IMPORT>
     <ABAP_FIELD>ID_STATUS</ABAP_FIELD>
     <EDM_CORE_TYPE>Edm.String</EDM_CORE_TYPE>
     <MAX_LENGTH>1</MAX_LENGTH>
     <REF_TYPE>T</REF_TYPE>
     <ABTY_XU>X</ABTY_XU>
     <DESCRIPTION_XU>X</DESCRIPTION_XU>
    </_-IWBEP_-I_SBO_FP>
   </_-IWBEP_-I_SBO_FP>
   <_-IWBEP_-I_SBO_FPT>
    <_-IWBEP_-I_SBO_FPT>
     <SYLANGU>E</SYLANGU>
     <PROJECT>ZOV</PROJECT>
     <NODE_UUID>Q7OdiHuUHu690q8puBVk9Q==</NODE_UUID>
    </_-IWBEP_-I_SBO_FPT>
    <_-IWBEP_-I_SBO_FPT>
     <SYLANGU>E</SYLANGU>
     <PROJECT>ZOV</PROJECT>
     <NODE_UUID>Q7OdiHuUHu690q8puBWE9Q==</NODE_UUID>
    </_-IWBEP_-I_SBO_FPT>
   </_-IWBEP_-I_SBO_FPT>
   <_-IWBEP_-I_SBO_NP>
    <_-IWBEP_-I_SBO_NP>
     <PROJECT>ZOV</PROJECT>
     <NODE_UUID>Q7OdiHuUHt68tqsKGaNvwg==</NODE_UUID>
     <NAME>toOVItem</NAME>
     <RELATION_GUID>Q7OdiHuUHt68tqsKGaNPwg==</RELATION_GUID>
     <ENTITY_GUID>Q7OdiHuUHt68iZPqGRdJag==</ENTITY_GUID>
     <REF_TYPE>T</REF_TYPE>
     <TECH_NAME>TOOVITEM</TECH_NAME>
     <FROM_ROLE_XU>X</FROM_ROLE_XU>
     <TO_ROLE_XU>X</TO_ROLE_XU>
     <TXTR_XU>X</TXTR_XU>
     <DESCRIPTION_XU>X</DESCRIPTION_XU>
     <NAVP_LABEL_XU>X</NAVP_LABEL_XU>
    </_-IWBEP_-I_SBO_NP>
   </_-IWBEP_-I_SBO_NP>
   <_-IWBEP_-I_SBO_NPT>
    <_-IWBEP_-I_SBO_NPT>
     <SYLANGU>E</SYLANGU>
     <PROJECT>ZOV</PROJECT>
     <NODE_UUID>Q7OdiHuUHt68tqsKGaNvwg==</NODE_UUID>
    </_-IWBEP_-I_SBO_NPT>
   </_-IWBEP_-I_SBO_NPT>
   <_-IWBEP_-I_SBO_PR>
    <_-IWBEP_-I_SBO_PR>
     <PROJECT>ZOV</PROJECT>
     <NODE_UUID>Q7OdiHuUHt68iZhBWd3pbA==</NODE_UUID>
     <PARENT_UUID>Q7OdiHuUHt68iZPqGRdJag==</PARENT_UUID>
     <NAME>OrdemId</NAME>
     <IS_KEY>X</IS_KEY>
     <EDM_CORE_TYPE>Edm.Int32</EDM_CORE_TYPE>
     <REF_TYPE>T</REF_TYPE>
     <ABAP_FIELD>ORDEMID</ABAP_FIELD>
     <ABTY_XU>X</ABTY_XU>
     <SORT_ORDER>1</SORT_ORDER>
     <DESCRIPTION_XU>X</DESCRIPTION_XU>
    </_-IWBEP_-I_SBO_PR>
    <_-IWBEP_-I_SBO_PR>
     <PROJECT>ZOV</PROJECT>
     <NODE_UUID>Q7OdiHuUHt68iZhBWd4JbA==</NODE_UUID>
     <PARENT_UUID>Q7OdiHuUHt68iZPqGRdJag==</PARENT_UUID>
     <NAME>DataCriacao</NAME>
     <EDM_CORE_TYPE>Edm.DateTime</EDM_CORE_TYPE>
     <REF_TYPE>T</REF_TYPE>
     <ABAP_FIELD>DATACRIACAO</ABAP_FIELD>
     <ABTY_XU>X</ABTY_XU>
     <SORT_ORDER>2</SORT_ORDER>
     <DESCRIPTION_XU>X</DESCRIPTION_XU>
    </_-IWBEP_-I_SBO_PR>
    <_-IWBEP_-I_SBO_PR>
     <PROJECT>ZOV</PROJECT>
     <NODE_UUID>Q7OdiHuUHt68iZhBWd4pbA==</NODE_UUID>
     <PARENT_UUID>Q7OdiHuUHt68iZPqGRdJag==</PARENT_UUID>
     <NAME>CriadoPor</NAME>
     <MAX_LENGTH>20</MAX_LENGTH>
     <EDM_CORE_TYPE>Edm.String</EDM_CORE_TYPE>
     <REF_TYPE>T</REF_TYPE>
     <ABAP_FIELD>CRIADOPOR</ABAP_FIELD>
     <ABTY_XU>X</ABTY_XU>
     <SORT_ORDER>3</SORT_ORDER>
     <DESCRIPTION_XU>X</DESCRIPTION_XU>
    </_-IWBEP_-I_SBO_PR>
    <_-IWBEP_-I_SBO_PR>
     <PROJECT>ZOV</PROJECT>
     <NODE_UUID>Q7OdiHuUHt68iZhBWd5JbA==</NODE_UUID>
     <PARENT_UUID>Q7OdiHuUHt68iZPqGRdJag==</PARENT_UUID>
     <NAME>ClienteId</NAME>
     <EDM_CORE_TYPE>Edm.Int32</EDM_CORE_TYPE>
     <REF_TYPE>T</REF_TYPE>
     <ABAP_FIELD>CLIENTEID</ABAP_FIELD>
     <ABTY_XU>X</ABTY_XU>
     <SORT_ORDER>4</SORT_ORDER>
     <DESCRIPTION_XU>X</DESCRIPTION_XU>
    </_-IWBEP_-I_SBO_PR>
    <_-IWBEP_-I_SBO_PR>
     <PROJECT>ZOV</PROJECT>
     <NODE_UUID>Q7OdiHuUHt68iZhBWd5pbA==</NODE_UUID>
     <PARENT_UUID>Q7OdiHuUHt68iZPqGRdJag==</PARENT_UUID>
     <NAME>TotalItens</NAME>
     <PROP_PRECISION>15</PROP_PRECISION>
     <SCALE>2</SCALE>
     <EDM_CORE_TYPE>Edm.Decimal</EDM_CORE_TYPE>
     <REF_TYPE>T</REF_TYPE>
     <ABAP_FIELD>TOTALITENS</ABAP_FIELD>
     <ABTY_XU>X</ABTY_XU>
     <SORT_ORDER>5</SORT_ORDER>
     <DESCRIPTION_XU>X</DESCRIPTION_XU>
    </_-IWBEP_-I_SBO_PR>
    <_-IWBEP_-I_SBO_PR>
     <PROJECT>ZOV</PROJECT>
     <NODE_UUID>Q7OdiHuUHt68iZhBWd6JbA==</NODE_UUID>
     <PARENT_UUID>Q7OdiHuUHt68iZPqGRdJag==</PARENT_UUID>
     <NAME>TotalFrete</NAME>
     <PROP_PRECISION>15</PROP_PRECISION>
     <SCALE>2</SCALE>
     <EDM_CORE_TYPE>Edm.Decimal</EDM_CORE_TYPE>
     <REF_TYPE>T</REF_TYPE>
     <ABAP_FIELD>TOTALFRETE</ABAP_FIELD>
     <ABTY_XU>X</ABTY_XU>
     <SORT_ORDER>6</SORT_ORDER>
     <DESCRIPTION_XU>X</DESCRIPTION_XU>
    </_-IWBEP_-I_SBO_PR>
    <_-IWBEP_-I_SBO_PR>
     <PROJECT>ZOV</PROJECT>
     <NODE_UUID>Q7OdiHuUHt68iZhBWd6pbA==</NODE_UUID>
     <PARENT_UUID>Q7OdiHuUHt68iZPqGRdJag==</PARENT_UUID>
     <NAME>TotalOrdem</NAME>
     <PROP_PRECISION>15</PROP_PRECISION>
     <SCALE>2</SCALE>
     <EDM_CORE_TYPE>Edm.Decimal</EDM_CORE_TYPE>
     <REF_TYPE>T</REF_TYPE>
     <ABAP_FIELD>TOTALORDEM</ABAP_FIELD>
     <ABTY_XU>X</ABTY_XU>
     <SORT_ORDER>7</SORT_ORDER>
     <DESCRIPTION_XU>X</DESCRIPTION_XU>
    </_-IWBEP_-I_SBO_PR>
    <_-IWBEP_-I_SBO_PR>
     <PROJECT>ZOV</PROJECT>
     <NODE_UUID>Q7OdiHuUHt68iZhBWd7JbA==</NODE_UUID>
     <PARENT_UUID>Q7OdiHuUHt68iZPqGRdJag==</PARENT_UUID>
     <NAME>Status</NAME>
     <MAX_LENGTH>1</MAX_LENGTH>
     <EDM_CORE_TYPE>Edm.String</EDM_CORE_TYPE>
     <REF_TYPE>T</REF_TYPE>
     <ABAP_FIELD>STATUS</ABAP_FIELD>
     <ABTY_XU>X</ABTY_XU>
     <SORT_ORDER>8</SORT_ORDER>
     <DESCRIPTION_XU>X</DESCRIPTION_XU>
    </_-IWBEP_-I_SBO_PR>
    <_-IWBEP_-I_SBO_PR>
     <PROJECT>ZOV</PROJECT>
     <NODE_UUID>Q7OdiHuUHt68icHYVimpkw==</NODE_UUID>
     <PARENT_UUID>Q7OdiHuUHt68ib6QBIhJkQ==</PARENT_UUID>
     <NAME>OrdemId</NAME>
     <IS_KEY>X</IS_KEY>
     <EDM_CORE_TYPE>Edm.Int32</EDM_CORE_TYPE>
     <REF_TYPE>T</REF_TYPE>
     <ABAP_FIELD>ORDEMID</ABAP_FIELD>
     <ABTY_XU>X</ABTY_XU>
     <SORT_ORDER>1</SORT_ORDER>
     <DESCRIPTION_XU>X</DESCRIPTION_XU>
    </_-IWBEP_-I_SBO_PR>
    <_-IWBEP_-I_SBO_PR>
     <PROJECT>ZOV</PROJECT>
     <NODE_UUID>Q7OdiHuUHt68icHYVinJkw==</NODE_UUID>
     <PARENT_UUID>Q7OdiHuUHt68ib6QBIhJkQ==</PARENT_UUID>
     <NAME>ItemId</NAME>
     <IS_KEY>X</IS_KEY>
     <EDM_CORE_TYPE>Edm.Int32</EDM_CORE_TYPE>
     <REF_TYPE>T</REF_TYPE>
     <ABAP_FIELD>ITEMID</ABAP_FIELD>
     <ABTY_XU>X</ABTY_XU>
     <SORT_ORDER>2</SORT_ORDER>
     <DESCRIPTION_XU>X</DESCRIPTION_XU>
    </_-IWBEP_-I_SBO_PR>
    <_-IWBEP_-I_SBO_PR>
     <PROJECT>ZOV</PROJECT>
     <NODE_UUID>Q7OdiHuUHt68icHYVinpkw==</NODE_UUID>
     <PARENT_UUID>Q7OdiHuUHt68ib6QBIhJkQ==</PARENT_UUID>
     <NAME>Material</NAME>
     <MAX_LENGTH>18</MAX_LENGTH>
     <EDM_CORE_TYPE>Edm.String</EDM_CORE_TYPE>
     <REF_TYPE>T</REF_TYPE>
     <ABAP_FIELD>MATERIAL</ABAP_FIELD>
     <ABTY_XU>X</ABTY_XU>
     <SORT_ORDER>3</SORT_ORDER>
     <DESCRIPTION_XU>X</DESCRIPTION_XU>
    </_-IWBEP_-I_SBO_PR>
    <_-IWBEP_-I_SBO_PR>
     <PROJECT>ZOV</PROJECT>
     <NODE_UUID>Q7OdiHuUHt68icHYVioJkw==</NODE_UUID>
     <PARENT_UUID>Q7OdiHuUHt68ib6QBIhJkQ==</PARENT_UUID>
     <NAME>Descricao</NAME>
     <MAX_LENGTH>100</MAX_LENGTH>
     <EDM_CORE_TYPE>Edm.String</EDM_CORE_TYPE>
     <REF_TYPE>T</REF_TYPE>
     <ABAP_FIELD>DESCRICAO</ABAP_FIELD>
     <ABTY_XU>X</ABTY_XU>
     <SORT_ORDER>4</SORT_ORDER>
     <DESCRIPTION_XU>X</DESCRIPTION_XU>
    </_-IWBEP_-I_SBO_PR>
    <_-IWBEP_-I_SBO_PR>
     <PROJECT>ZOV</PROJECT>
     <NODE_UUID>Q7OdiHuUHt68icHYViopkw==</NODE_UUID>
     <PARENT_UUID>Q7OdiHuUHt68ib6QBIhJkQ==</PARENT_UUID>
     <NAME>Quantidade</NAME>
     <EDM_CORE_TYPE>Edm.Int32</EDM_CORE_TYPE>
     <REF_TYPE>T</REF_TYPE>
     <ABAP_FIELD>QUANTIDADE</ABAP_FIELD>
     <ABTY_XU>X</ABTY_XU>
     <SORT_ORDER>5</SORT_ORDER>
     <DESCRIPTION_XU>X</DESCRIPTION_XU>
    </_-IWBEP_-I_SBO_PR>
    <_-IWBEP_-I_SBO_PR>
     <PROJECT>ZOV</PROJECT>
     <NODE_UUID>Q7OdiHuUHt68icHYVipJkw==</NODE_UUID>
     <PARENT_UUID>Q7OdiHuUHt68ib6QBIhJkQ==</PARENT_UUID>
     <NAME>PrecoUni</NAME>
     <PROP_PRECISION>15</PROP_PRECISION>
     <SCALE>2</SCALE>
     <EDM_CORE_TYPE>Edm.Decimal</EDM_CORE_TYPE>
     <REF_TYPE>T</REF_TYPE>
     <ABAP_FIELD>PRECOUNI</ABAP_FIELD>
     <ABTY_XU>X</ABTY_XU>
     <SORT_ORDER>6</SORT_ORDER>
     <DESCRIPTION_XU>X</DESCRIPTION_XU>
    </_-IWBEP_-I_SBO_PR>
    <_-IWBEP_-I_SBO_PR>
     <PROJECT>ZOV</PROJECT>
     <NODE_UUID>Q7OdiHuUHt68icHYVippkw==</NODE_UUID>
     <PARENT_UUID>Q7OdiHuUHt68ib6QBIhJkQ==</PARENT_UUID>
     <NAME>PrecoTot</NAME>
     <PROP_PRECISION>15</PROP_PRECISION>
     <SCALE>2</SCALE>
     <EDM_CORE_TYPE>Edm.Decimal</EDM_CORE_TYPE>
     <REF_TYPE>T</REF_TYPE>
     <ABAP_FIELD>PRECOTOT</ABAP_FIELD>
     <ABTY_XU>X</ABTY_XU>
     <SORT_ORDER>7</SORT_ORDER>
     <DESCRIPTION_XU>X</DESCRIPTION_XU>
    </_-IWBEP_-I_SBO_PR>
    <_-IWBEP_-I_SBO_PR>
     <PROJECT>ZOV</PROJECT>
     <NODE_UUID>Q7OdiHuUHt68idmafDZppg==</NODE_UUID>
     <PARENT_UUID>Q7OdiHuUHt68idmafDZJpg==</PARENT_UUID>
     <NAME>Type</NAME>
     <MAX_LENGTH>1</MAX_LENGTH>
     <EDM_CORE_TYPE>Edm.String</EDM_CORE_TYPE>
     <REF_TYPE>T</REF_TYPE>
     <ABAP_FIELD>TYPE</ABAP_FIELD>
     <REQUIREFILTER_XU>X</REQUIREFILTER_XU>
     <UNIT_PROP_XU>X</UNIT_PROP_XU>
     <ABTY_XU>X</ABTY_XU>
     <SORT_ORDER>2</SORT_ORDER>
     <DESCRIPTION_XU>X</DESCRIPTION_XU>
    </_-IWBEP_-I_SBO_PR>
    <_-IWBEP_-I_SBO_PR>
     <PROJECT>ZOV</PROJECT>
     <NODE_UUID>Q7OdiHuUHt68idmafDaJpg==</NODE_UUID>
     <PARENT_UUID>Q7OdiHuUHt68idmafDZJpg==</PARENT_UUID>
     <NAME>Id</NAME>
     <MAX_LENGTH>20</MAX_LENGTH>
     <EDM_CORE_TYPE>Edm.String</EDM_CORE_TYPE>
     <REF_TYPE>T</REF_TYPE>
     <ABAP_FIELD>ID</ABAP_FIELD>
     <REQUIREFILTER_XU>X</REQUIREFILTER_XU>
     <UNIT_PROP_XU>X</UNIT_PROP_XU>
     <ABTY_XU>X</ABTY_XU>
     <SORT_ORDER>3</SORT_ORDER>
     <DESCRIPTION_XU>X</DESCRIPTION_XU>
    </_-IWBEP_-I_SBO_PR>
    <_-IWBEP_-I_SBO_PR>
     <PROJECT>ZOV</PROJECT>
     <NODE_UUID>Q7OdiHuUHt68idmafDappg==</NODE_UUID>
     <PARENT_UUID>Q7OdiHuUHt68idmafDZJpg==</PARENT_UUID>
     <NAME>Number</NAME>
     <MAX_LENGTH>3</MAX_LENGTH>
     <EDM_CORE_TYPE>Edm.String</EDM_CORE_TYPE>
     <REF_TYPE>T</REF_TYPE>
     <ABAP_FIELD>NUMBER</ABAP_FIELD>
     <REQUIREFILTER_XU>X</REQUIREFILTER_XU>
     <UNIT_PROP_XU>X</UNIT_PROP_XU>
     <ABTY_XU>X</ABTY_XU>
     <SORT_ORDER>4</SORT_ORDER>
     <DESCRIPTION_XU>X</DESCRIPTION_XU>
    </_-IWBEP_-I_SBO_PR>
    <_-IWBEP_-I_SBO_PR>
     <PROJECT>ZOV</PROJECT>
     <NODE_UUID>Q7OdiHuUHt68idmafDbJpg==</NODE_UUID>
     <PARENT_UUID>Q7OdiHuUHt68idmafDZJpg==</PARENT_UUID>
     <NAME>Message</NAME>
     <MAX_LENGTH>220</MAX_LENGTH>
     <EDM_CORE_TYPE>Edm.String</EDM_CORE_TYPE>
     <REF_TYPE>T</REF_TYPE>
     <ABAP_FIELD>MESSAGE</ABAP_FIELD>
     <REQUIREFILTER_XU>X</REQUIREFILTER_XU>
     <UNIT_PROP_XU>X</UNIT_PROP_XU>
     <ABTY_XU>X</ABTY_XU>
     <SORT_ORDER>5</SORT_ORDER>
     <DESCRIPTION_XU>X</DESCRIPTION_XU>
    </_-IWBEP_-I_SBO_PR>
    <_-IWBEP_-I_SBO_PR>
     <PROJECT>ZOV</PROJECT>
     <NODE_UUID>Q7OdiHuUHt68idmafDbppg==</NODE_UUID>
     <PARENT_UUID>Q7OdiHuUHt68idmafDZJpg==</PARENT_UUID>
     <NAME>LogNo</NAME>
     <MAX_LENGTH>20</MAX_LENGTH>
     <EDM_CORE_TYPE>Edm.String</EDM_CORE_TYPE>
     <REF_TYPE>T</REF_TYPE>
     <ABAP_FIELD>LOG_NO</ABAP_FIELD>
     <REQUIREFILTER_XU>X</REQUIREFILTER_XU>
     <UNIT_PROP_XU>X</UNIT_PROP_XU>
     <ABTY_XU>X</ABTY_XU>
     <SORT_ORDER>6</SORT_ORDER>
     <DESCRIPTION_XU>X</DESCRIPTION_XU>
    </_-IWBEP_-I_SBO_PR>
    <_-IWBEP_-I_SBO_PR>
     <PROJECT>ZOV</PROJECT>
     <NODE_UUID>Q7OdiHuUHt68idmafDcJpg==</NODE_UUID>
     <PARENT_UUID>Q7OdiHuUHt68idmafDZJpg==</PARENT_UUID>
     <NAME>LogMsgNo</NAME>
     <MAX_LENGTH>6</MAX_LENGTH>
     <EDM_CORE_TYPE>Edm.String</EDM_CORE_TYPE>
     <REF_TYPE>T</REF_TYPE>
     <ABAP_FIELD>LOG_MSG_NO</ABAP_FIELD>
     <REQUIREFILTER_XU>X</REQUIREFILTER_XU>
     <UNIT_PROP_XU>X</UNIT_PROP_XU>
     <ABTY_XU>X</ABTY_XU>
     <SORT_ORDER>7</SORT_ORDER>
     <DESCRIPTION_XU>X</DESCRIPTION_XU>
    </_-IWBEP_-I_SBO_PR>
    <_-IWBEP_-I_SBO_PR>
     <PROJECT>ZOV</PROJECT>
     <NODE_UUID>Q7OdiHuUHt68idmafDcppg==</NODE_UUID>
     <PARENT_UUID>Q7OdiHuUHt68idmafDZJpg==</PARENT_UUID>
     <NAME>MessageV1</NAME>
     <MAX_LENGTH>50</MAX_LENGTH>
     <EDM_CORE_TYPE>Edm.String</EDM_CORE_TYPE>
     <REF_TYPE>T</REF_TYPE>
     <ABAP_FIELD>MESSAGE_V1</ABAP_FIELD>
     <REQUIREFILTER_XU>X</REQUIREFILTER_XU>
     <UNIT_PROP_XU>X</UNIT_PROP_XU>
     <ABTY_XU>X</ABTY_XU>
     <SORT_ORDER>8</SORT_ORDER>
     <DESCRIPTION_XU>X</DESCRIPTION_XU>
    </_-IWBEP_-I_SBO_PR>
    <_-IWBEP_-I_SBO_PR>
     <PROJECT>ZOV</PROJECT>
     <NODE_UUID>Q7OdiHuUHt68idmafDdJpg==</NODE_UUID>
     <PARENT_UUID>Q7OdiHuUHt68idmafDZJpg==</PARENT_UUID>
     <NAME>MessageV2</NAME>
     <MAX_LENGTH>50</MAX_LENGTH>
     <EDM_CORE_TYPE>Edm.String</EDM_CORE_TYPE>
     <REF_TYPE>T</REF_TYPE>
     <ABAP_FIELD>MESSAGE_V2</ABAP_FIELD>
     <REQUIREFILTER_XU>X</REQUIREFILTER_XU>
     <UNIT_PROP_XU>X</UNIT_PROP_XU>
     <ABTY_XU>X</ABTY_XU>
     <SORT_ORDER>9</SORT_ORDER>
     <DESCRIPTION_XU>X</DESCRIPTION_XU>
    </_-IWBEP_-I_SBO_PR>
    <_-IWBEP_-I_SBO_PR>
     <PROJECT>ZOV</PROJECT>
     <NODE_UUID>Q7OdiHuUHt68idmafDdppg==</NODE_UUID>
     <PARENT_UUID>Q7OdiHuUHt68idmafDZJpg==</PARENT_UUID>
     <NAME>MessageV3</NAME>
     <MAX_LENGTH>50</MAX_LENGTH>
     <EDM_CORE_TYPE>Edm.String</EDM_CORE_TYPE>
     <REF_TYPE>T</REF_TYPE>
     <ABAP_FIELD>MESSAGE_V3</ABAP_FIELD>
     <REQUIREFILTER_XU>X</REQUIREFILTER_XU>
     <UNIT_PROP_XU>X</UNIT_PROP_XU>
     <ABTY_XU>X</ABTY_XU>
     <SORT_ORDER>10</SORT_ORDER>
     <DESCRIPTION_XU>X</DESCRIPTION_XU>
    </_-IWBEP_-I_SBO_PR>
    <_-IWBEP_-I_SBO_PR>
     <PROJECT>ZOV</PROJECT>
     <NODE_UUID>Q7OdiHuUHt68idmafDeJpg==</NODE_UUID>
     <PARENT_UUID>Q7OdiHuUHt68idmafDZJpg==</PARENT_UUID>
     <NAME>MessageV4</NAME>
     <MAX_LENGTH>50</MAX_LENGTH>
     <EDM_CORE_TYPE>Edm.String</EDM_CORE_TYPE>
     <REF_TYPE>T</REF_TYPE>
     <ABAP_FIELD>MESSAGE_V4</ABAP_FIELD>
     <REQUIREFILTER_XU>X</REQUIREFILTER_XU>
     <UNIT_PROP_XU>X</UNIT_PROP_XU>
     <ABTY_XU>X</ABTY_XU>
     <SORT_ORDER>11</SORT_ORDER>
     <DESCRIPTION_XU>X</DESCRIPTION_XU>
    </_-IWBEP_-I_SBO_PR>
    <_-IWBEP_-I_SBO_PR>
     <PROJECT>ZOV</PROJECT>
     <NODE_UUID>Q7OdiHuUHt68idmafDeppg==</NODE_UUID>
     <PARENT_UUID>Q7OdiHuUHt68idmafDZJpg==</PARENT_UUID>
     <NAME>Parameter</NAME>
     <MAX_LENGTH>32</MAX_LENGTH>
     <EDM_CORE_TYPE>Edm.String</EDM_CORE_TYPE>
     <REF_TYPE>T</REF_TYPE>
     <ABAP_FIELD>PARAMETER</ABAP_FIELD>
     <REQUIREFILTER_XU>X</REQUIREFILTER_XU>
     <UNIT_PROP_XU>X</UNIT_PROP_XU>
     <ABTY_XU>X</ABTY_XU>
     <SORT_ORDER>12</SORT_ORDER>
     <DESCRIPTION_XU>X</DESCRIPTION_XU>
    </_-IWBEP_-I_SBO_PR>
    <_-IWBEP_-I_SBO_PR>
     <PROJECT>ZOV</PROJECT>
     <NODE_UUID>Q7OdiHuUHt68idmafDfJpg==</NODE_UUID>
     <PARENT_UUID>Q7OdiHuUHt68idmafDZJpg==</PARENT_UUID>
     <NAME>Row</NAME>
     <EDM_CORE_TYPE>Edm.Int32</EDM_CORE_TYPE>
     <REF_TYPE>T</REF_TYPE>
     <ABAP_FIELD>ROW</ABAP_FIELD>
     <REQUIREFILTER_XU>X</REQUIREFILTER_XU>
     <UNIT_PROP_XU>X</UNIT_PROP_XU>
     <ABTY_XU>X</ABTY_XU>
     <SORT_ORDER>13</SORT_ORDER>
     <DESCRIPTION_XU>X</DESCRIPTION_XU>
    </_-IWBEP_-I_SBO_PR>
    <_-IWBEP_-I_SBO_PR>
     <PROJECT>ZOV</PROJECT>
     <NODE_UUID>Q7OdiHuUHt68idmafDfppg==</NODE_UUID>
     <PARENT_UUID>Q7OdiHuUHt68idmafDZJpg==</PARENT_UUID>
     <NAME>Field</NAME>
     <MAX_LENGTH>30</MAX_LENGTH>
     <EDM_CORE_TYPE>Edm.String</EDM_CORE_TYPE>
     <REF_TYPE>T</REF_TYPE>
     <ABAP_FIELD>FIELD</ABAP_FIELD>
     <REQUIREFILTER_XU>X</REQUIREFILTER_XU>
     <UNIT_PROP_XU>X</UNIT_PROP_XU>
     <ABTY_XU>X</ABTY_XU>
     <SORT_ORDER>14</SORT_ORDER>
     <DESCRIPTION_XU>X</DESCRIPTION_XU>
    </_-IWBEP_-I_SBO_PR>
    <_-IWBEP_-I_SBO_PR>
     <PROJECT>ZOV</PROJECT>
     <NODE_UUID>Q7OdiHuUHt68idmafDgJpg==</NODE_UUID>
     <PARENT_UUID>Q7OdiHuUHt68idmafDZJpg==</PARENT_UUID>
     <NAME>System</NAME>
     <MAX_LENGTH>10</MAX_LENGTH>
     <EDM_CORE_TYPE>Edm.String</EDM_CORE_TYPE>
     <REF_TYPE>T</REF_TYPE>
     <ABAP_FIELD>SYSTEM</ABAP_FIELD>
     <REQUIREFILTER_XU>X</REQUIREFILTER_XU>
     <UNIT_PROP_XU>X</UNIT_PROP_XU>
     <ABTY_XU>X</ABTY_XU>
     <SORT_ORDER>15</SORT_ORDER>
     <DESCRIPTION_XU>X</DESCRIPTION_XU>
    </_-IWBEP_-I_SBO_PR>
    <_-IWBEP_-I_SBO_PR>
     <PROJECT>ZOV</PROJECT>
     <NODE_UUID>Q7OdiHuUHt68idxuAFAppg==</NODE_UUID>
     <PARENT_UUID>Q7OdiHuUHt68idmafDZJpg==</PARENT_UUID>
     <NAME>PK</NAME>
     <IS_KEY>X</IS_KEY>
     <EDM_CORE_TYPE>Edm.Int32</EDM_CORE_TYPE>
     <REF_TYPE>T</REF_TYPE>
     <ABAP_FIELD>PK</ABAP_FIELD>
     <ABTY_XU>X</ABTY_XU>
     <SORT_ORDER>1</SORT_ORDER>
     <DESCRIPTION_XU>X</DESCRIPTION_XU>
    </_-IWBEP_-I_SBO_PR>
    <_-IWBEP_-I_SBO_PR>
     <PROJECT>ZOV</PROJECT>
     <NODE_UUID>Q7OdiHuUHu695pyJsGjl1Q==</NODE_UUID>
     <PARENT_UUID>Q7OdiHuUHu695ptmPC+F1Q==</PARENT_UUID>
     <NAME>Tipo</NAME>
     <MAX_LENGTH>1</MAX_LENGTH>
     <EDM_CORE_TYPE>Edm.String</EDM_CORE_TYPE>
     <REF_TYPE>T</REF_TYPE>
     <ABAP_FIELD>TIPO</ABAP_FIELD>
     <ABTY_XU>X</ABTY_XU>
     <SORT_ORDER>1</SORT_ORDER>
     <DESCRIPTION_XU>X</DESCRIPTION_XU>
    </_-IWBEP_-I_SBO_PR>
    <_-IWBEP_-I_SBO_PR>
     <PROJECT>ZOV</PROJECT>
     <NODE_UUID>Q7OdiHuUHu695pyJsGkF1Q==</NODE_UUID>
     <PARENT_UUID>Q7OdiHuUHu695ptmPC+F1Q==</PARENT_UUID>
     <NAME>Mensagem</NAME>
     <MAX_LENGTH>255</MAX_LENGTH>
     <EDM_CORE_TYPE>Edm.String</EDM_CORE_TYPE>
     <REF_TYPE>T</REF_TYPE>
     <ABAP_FIELD>MENSAGEM</ABAP_FIELD>
     <ABTY_XU>X</ABTY_XU>
     <SORT_ORDER>2</SORT_ORDER>
     <DESCRIPTION_XU>X</DESCRIPTION_XU>
    </_-IWBEP_-I_SBO_PR>
   </_-IWBEP_-I_SBO_PR>
   <_-IWBEP_-I_SBO_PRT>
    <_-IWBEP_-I_SBO_PRT>
     <SYLANGU>E</SYLANGU>
     <PROJECT>ZOV</PROJECT>
     <NODE_UUID>Q7OdiHuUHt68iZhBWd3pbA==</NODE_UUID>
     <PROP_LABEL>Id Ordem</PROP_LABEL>
    </_-IWBEP_-I_SBO_PRT>
    <_-IWBEP_-I_SBO_PRT>
     <SYLANGU>E</SYLANGU>
     <PROJECT>ZOV</PROJECT>
     <NODE_UUID>Q7OdiHuUHt68iZhBWd4JbA==</NODE_UUID>
     <PROP_LABEL>Data de Criação</PROP_LABEL>
    </_-IWBEP_-I_SBO_PRT>
    <_-IWBEP_-I_SBO_PRT>
     <SYLANGU>E</SYLANGU>
     <PROJECT>ZOV</PROJECT>
     <NODE_UUID>Q7OdiHuUHt68iZhBWd4pbA==</NODE_UUID>
     <PROP_LABEL>Criado por</PROP_LABEL>
    </_-IWBEP_-I_SBO_PRT>
    <_-IWBEP_-I_SBO_PRT>
     <SYLANGU>E</SYLANGU>
     <PROJECT>ZOV</PROJECT>
     <NODE_UUID>Q7OdiHuUHt68iZhBWd5JbA==</NODE_UUID>
     <PROP_LABEL>Id Cliente</PROP_LABEL>
    </_-IWBEP_-I_SBO_PRT>
    <_-IWBEP_-I_SBO_PRT>
     <SYLANGU>E</SYLANGU>
     <PROJECT>ZOV</PROJECT>
     <NODE_UUID>Q7OdiHuUHt68iZhBWd5pbA==</NODE_UUID>
     <PROP_LABEL>Total dos Itens</PROP_LABEL>
    </_-IWBEP_-I_SBO_PRT>
    <_-IWBEP_-I_SBO_PRT>
     <SYLANGU>E</SYLANGU>
     <PROJECT>ZOV</PROJECT>
     <NODE_UUID>Q7OdiHuUHt68iZhBWd6JbA==</NODE_UUID>
     <PROP_LABEL>Total do Frete</PROP_LABEL>
    </_-IWBEP_-I_SBO_PRT>
    <_-IWBEP_-I_SBO_PRT>
     <SYLANGU>E</SYLANGU>
     <PROJECT>ZOV</PROJECT>
     <NODE_UUID>Q7OdiHuUHt68iZhBWd6pbA==</NODE_UUID>
     <PROP_LABEL>Total da Ordem</PROP_LABEL>
    </_-IWBEP_-I_SBO_PRT>
    <_-IWBEP_-I_SBO_PRT>
     <SYLANGU>E</SYLANGU>
     <PROJECT>ZOV</PROJECT>
     <NODE_UUID>Q7OdiHuUHt68iZhBWd7JbA==</NODE_UUID>
     <PROP_LABEL>Status</PROP_LABEL>
    </_-IWBEP_-I_SBO_PRT>
    <_-IWBEP_-I_SBO_PRT>
     <SYLANGU>E</SYLANGU>
     <PROJECT>ZOV</PROJECT>
     <NODE_UUID>Q7OdiHuUHt68icHYVimpkw==</NODE_UUID>
     <PROP_LABEL>Id Ordem</PROP_LABEL>
    </_-IWBEP_-I_SBO_PRT>
    <_-IWBEP_-I_SBO_PRT>
     <SYLANGU>E</SYLANGU>
     <PROJECT>ZOV</PROJECT>
     <NODE_UUID>Q7OdiHuUHt68icHYVinJkw==</NODE_UUID>
     <PROP_LABEL>Id Item</PROP_LABEL>
    </_-IWBEP_-I_SBO_PRT>
    <_-IWBEP_-I_SBO_PRT>
     <SYLANGU>E</SYLANGU>
     <PROJECT>ZOV</PROJECT>
     <NODE_UUID>Q7OdiHuUHt68icHYVinpkw==</NODE_UUID>
     <PROP_LABEL>Material</PROP_LABEL>
    </_-IWBEP_-I_SBO_PRT>
    <_-IWBEP_-I_SBO_PRT>
     <SYLANGU>E</SYLANGU>
     <PROJECT>ZOV</PROJECT>
     <NODE_UUID>Q7OdiHuUHt68icHYVioJkw==</NODE_UUID>
     <PROP_LABEL>Descrição</PROP_LABEL>
    </_-IWBEP_-I_SBO_PRT>
    <_-IWBEP_-I_SBO_PRT>
     <SYLANGU>E</SYLANGU>
     <PROJECT>ZOV</PROJECT>
     <NODE_UUID>Q7OdiHuUHt68icHYViopkw==</NODE_UUID>
     <PROP_LABEL>Quantidade</PROP_LABEL>
    </_-IWBEP_-I_SBO_PRT>
    <_-IWBEP_-I_SBO_PRT>
     <SYLANGU>E</SYLANGU>
     <PROJECT>ZOV</PROJECT>
     <NODE_UUID>Q7OdiHuUHt68icHYVipJkw==</NODE_UUID>
     <PROP_LABEL>Preço Unitário</PROP_LABEL>
    </_-IWBEP_-I_SBO_PRT>
    <_-IWBEP_-I_SBO_PRT>
     <SYLANGU>E</SYLANGU>
     <PROJECT>ZOV</PROJECT>
     <NODE_UUID>Q7OdiHuUHt68icHYVippkw==</NODE_UUID>
     <PROP_LABEL>Preço Total</PROP_LABEL>
    </_-IWBEP_-I_SBO_PRT>
    <_-IWBEP_-I_SBO_PRT>
     <SYLANGU>E</SYLANGU>
     <PROJECT>ZOV</PROJECT>
     <NODE_UUID>Q7OdiHuUHt68idmafDZppg==</NODE_UUID>
     <PROP_LABEL>Message type</PROP_LABEL>
    </_-IWBEP_-I_SBO_PRT>
    <_-IWBEP_-I_SBO_PRT>
     <SYLANGU>E</SYLANGU>
     <PROJECT>ZOV</PROJECT>
     <NODE_UUID>Q7OdiHuUHt68idmafDaJpg==</NODE_UUID>
     <PROP_LABEL>Message Class</PROP_LABEL>
    </_-IWBEP_-I_SBO_PRT>
    <_-IWBEP_-I_SBO_PRT>
     <SYLANGU>E</SYLANGU>
     <PROJECT>ZOV</PROJECT>
     <NODE_UUID>Q7OdiHuUHt68idmafDappg==</NODE_UUID>
     <PROP_LABEL>Message number</PROP_LABEL>
    </_-IWBEP_-I_SBO_PRT>
    <_-IWBEP_-I_SBO_PRT>
     <SYLANGU>E</SYLANGU>
     <PROJECT>ZOV</PROJECT>
     <NODE_UUID>Q7OdiHuUHt68idmafDbJpg==</NODE_UUID>
     <PROP_LABEL>Message text</PROP_LABEL>
    </_-IWBEP_-I_SBO_PRT>
    <_-IWBEP_-I_SBO_PRT>
     <SYLANGU>E</SYLANGU>
     <PROJECT>ZOV</PROJECT>
     <NODE_UUID>Q7OdiHuUHt68idmafDbppg==</NODE_UUID>
     <PROP_LABEL>Log number</PROP_LABEL>
    </_-IWBEP_-I_SBO_PRT>
    <_-IWBEP_-I_SBO_PRT>
     <SYLANGU>E</SYLANGU>
     <PROJECT>ZOV</PROJECT>
     <NODE_UUID>Q7OdiHuUHt68idmafDcJpg==</NODE_UUID>
     <PROP_LABEL>Message no.</PROP_LABEL>
    </_-IWBEP_-I_SBO_PRT>
    <_-IWBEP_-I_SBO_PRT>
     <SYLANGU>E</SYLANGU>
     <PROJECT>ZOV</PROJECT>
     <NODE_UUID>Q7OdiHuUHt68idmafDcppg==</NODE_UUID>
     <PROP_LABEL>Message Variable</PROP_LABEL>
    </_-IWBEP_-I_SBO_PRT>
    <_-IWBEP_-I_SBO_PRT>
     <SYLANGU>E</SYLANGU>
     <PROJECT>ZOV</PROJECT>
     <NODE_UUID>Q7OdiHuUHt68idmafDdJpg==</NODE_UUID>
     <PROP_LABEL>Message Variable</PROP_LABEL>
    </_-IWBEP_-I_SBO_PRT>
    <_-IWBEP_-I_SBO_PRT>
     <SYLANGU>E</SYLANGU>
     <PROJECT>ZOV</PROJECT>
     <NODE_UUID>Q7OdiHuUHt68idmafDdppg==</NODE_UUID>
     <PROP_LABEL>Message Variable</PROP_LABEL>
    </_-IWBEP_-I_SBO_PRT>
    <_-IWBEP_-I_SBO_PRT>
     <SYLANGU>E</SYLANGU>
     <PROJECT>ZOV</PROJECT>
     <NODE_UUID>Q7OdiHuUHt68idmafDeJpg==</NODE_UUID>
     <PROP_LABEL>Message Variable</PROP_LABEL>
    </_-IWBEP_-I_SBO_PRT>
    <_-IWBEP_-I_SBO_PRT>
     <SYLANGU>E</SYLANGU>
     <PROJECT>ZOV</PROJECT>
     <NODE_UUID>Q7OdiHuUHt68idmafDeppg==</NODE_UUID>
     <PROP_LABEL>Parameter Name</PROP_LABEL>
    </_-IWBEP_-I_SBO_PRT>
    <_-IWBEP_-I_SBO_PRT>
     <SYLANGU>E</SYLANGU>
     <PROJECT>ZOV</PROJECT>
     <NODE_UUID>Q7OdiHuUHt68idmafDfJpg==</NODE_UUID>
     <PROP_LABEL>Parameter line</PROP_LABEL>
    </_-IWBEP_-I_SBO_PRT>
    <_-IWBEP_-I_SBO_PRT>
     <SYLANGU>E</SYLANGU>
     <PROJECT>ZOV</PROJECT>
     <NODE_UUID>Q7OdiHuUHt68idmafDfppg==</NODE_UUID>
     <PROP_LABEL>Field name</PROP_LABEL>
    </_-IWBEP_-I_SBO_PRT>
    <_-IWBEP_-I_SBO_PRT>
     <SYLANGU>E</SYLANGU>
     <PROJECT>ZOV</PROJECT>
     <NODE_UUID>Q7OdiHuUHt68idmafDgJpg==</NODE_UUID>
     <PROP_LABEL>Logical system</PROP_LABEL>
    </_-IWBEP_-I_SBO_PRT>
    <_-IWBEP_-I_SBO_PRT>
     <SYLANGU>E</SYLANGU>
     <PROJECT>ZOV</PROJECT>
     <NODE_UUID>Q7OdiHuUHt68idxuAFAppg==</NODE_UUID>
     <PROP_LABEL>PK</PROP_LABEL>
    </_-IWBEP_-I_SBO_PRT>
    <_-IWBEP_-I_SBO_PRT>
     <SYLANGU>E</SYLANGU>
     <PROJECT>ZOV</PROJECT>
     <NODE_UUID>Q7OdiHuUHu695pyJsGjl1Q==</NODE_UUID>
    </_-IWBEP_-I_SBO_PRT>
    <_-IWBEP_-I_SBO_PRT>
     <SYLANGU>E</SYLANGU>
     <PROJECT>ZOV</PROJECT>
     <NODE_UUID>Q7OdiHuUHu695pyJsGkF1Q==</NODE_UUID>
    </_-IWBEP_-I_SBO_PRT>
   </_-IWBEP_-I_SBO_PRT>
   <_-IWBEP_-I_SBO_RC>
    <_-IWBEP_-I_SBO_RC>
     <PROJECT>ZOV</PROJECT>
     <NODE_UUID>Q7OdiHuUHt68tqsKGaOPwg==</NODE_UUID>
     <NAME>OrdemId</NAME>
     <DEPENDENT_PROP_R>Q7OdiHuUHt68icHYVimpkw==</DEPENDENT_PROP_R>
     <PRINCIPAL_PROP_R>Q7OdiHuUHt68iZhBWd3pbA==</PRINCIPAL_PROP_R>
     <PRINCIPAL_ROLE>Q7OdiHuUHt68iZPqGRdJag==</PRINCIPAL_ROLE>
     <DEPENDENT_ROLE>Q7OdiHuUHt68ib6QBIhJkQ==</DEPENDENT_ROLE>
     <ASSOCIATION_GUID>Q7OdiHuUHt68tqsKGaNPwg==</ASSOCIATION_GUID>
     <REF_TYPE>T</REF_TYPE>
     <TXTR_XU>X</TXTR_XU>
     <DESCRIPTION_XU>X</DESCRIPTION_XU>
     <REFC_LABEL_XU>X</REFC_LABEL_XU>
     <PROPERTY_PATH>00000000000000000000000000000000</PROPERTY_PATH>
     <REF_PROP_PATH>00000000000000000000000000000000</REF_PROP_PATH>
    </_-IWBEP_-I_SBO_RC>
   </_-IWBEP_-I_SBO_RC>
   <_-IWBEP_-I_SBO_RCT>
    <_-IWBEP_-I_SBO_RCT>
     <SYLANGU>E</SYLANGU>
     <PROJECT>ZOV</PROJECT>
     <NODE_UUID>Q7OdiHuUHt68tqsKGaOPwg==</NODE_UUID>
    </_-IWBEP_-I_SBO_RCT>
   </_-IWBEP_-I_SBO_RCT>
  </asx:values>
 </asx:abap>
</abapGit>
