﻿<?xml version="1.0" encoding="utf-8"?>
<abapGit version="v1.0.0" serializer="LCL_OBJECT_MSAG" serializer_version="v1.0.0">
 <asx:abap xmlns:asx="http://www.sap.com/abapxml" version="1.0">
  <asx:values>
   <T100A>
    <ARBGB>ZOV</ARBGB>
    <MASTERLANG>E</MASTERLANG>
   </T100A>
   <T100>
    <T100>
     <SPRSL>E</SPRSL>
     <ARBGB>ZOV</ARBGB>
     <MSGNR>001</MSGNR>
     <TEXT>Valor mínimo de &amp;1 não atingido na ordem &amp;2</TEXT>
    </T100>
   </T100>
  </asx:values>
 </asx:abap>
</abapGit>
